key,name,flywheel_inertia,redline_rpm,idle_rpm,idle_throttle,idle_air_base,idle_gain,closed_map_fraction,ve_max,ve_floor,ve_peak_frac,ve_width_frac,heat_release_k,torque_scale,friction_static,friction_linear,friction_quad,engine_brake_k,starter_torque,starter_speed_rpm,exhaust_tone,gear_ratios,final_drive,vehicle_mass,wheel_radius,clutch_capacity,gearbox_type,exhaust_primary_m,exhaust_total_m,exhaust_radius_m,exhaust_channels,hot_v,exhaust_openness,muffler_volume_m3,muffler_neck_area_m2,muffler_neck_len_m,muffler_type,tip_scale,flex_pipe,induction,induction_subtype,boost_bar,blower_ratio,turbo_lag,turbo_spool_frac,turbo_spool_width,anti_lag,bov_flutter,electric_turbo,hybrid_kw,hybrid_base_rpm,mgu_whine,upshift_rpm,header_unequal_deg,header_type,header_equality,valvetrain,valves_per_cyl,variable_valve,injection,balance_shaft,valve_lift,integrated_manifold,cam_profile,rotation,crank_plane,is_rotary,is_w,is_radial,has_gpf,has_cat,straight_cut,wall_material,cat_cells_cpsi,intake_runner_m,backpressure_coupling,gear_grain,num_cylinders,displacement_L,bore_m,stroke_m,rod_length_m,compression_ratio,bank_angles_deg,firing_offsets_deg
0,BMW M3 S58 3.0TT I6,0.24,7200,750,0.0,0.14,0.0008,0.16,1.0,0.55,0.5,0.75,1.52,1.0,5.0,0.012,9e-05,0.16,90.0,280.0,92.0,4.11|2.32|1.54|1.18|0.94|0.76|0.63|0.51,3.15,1780.0,0.33,700.0,at,0.48,1.9,0.025,1,False,0.7,0.0028,0.002,0.08,reflective,1.0,False,turbo,twin,1.2,0.0,0.32,0.12,0.5,False,False,False,0.0,2200.0,0.0,0.0,0.0,auto,-1.0,dohc,4,Valvetronic,direct,False,continuous,True,stock,CW,,False,False,False,True,True,False,steel,400,0.3,0.5,0.0,6,2.993,0.084,0.09,0.145,9.3,0|0|0|0|0|0,0|480|240|600|120|360
1,Porsche 911 Carrera (993) M64 3.8 flat-6,0.16,7000,900,0.0,0.14,0.0008,0.11,1.0,0.55,0.7,0.5,3.6,1.0,6.0,0.012,9e-05,0.16,90.0,280.0,85.0,3.82|2.05|1.41|1.12|0.92|0.75,3.44,1370.0,0.32,470.0,manual,0.5,1.7,0.024,2,False,0.78,0.002,0.002,0.08,reflective,1.0,False,na,,0.0,0.0,0.6,0.12,0.5,False,False,False,0.0,2200.0,0.0,0.0,0.0,auto,-1.0,dohc,4,VarioCam,port,False,two-stage,False,stock,CW,,False,False,False,False,True,False,steel,400,0.3,0.5,0.0,6,3.8,0.10200000000000001,0.0775,0.127,11.5,-90|-90|-90|90|90|90,0|240|480|360|600|120
2,Volkswagen Golf R EA888 2.0 I4,0.24,6800,850,0.0,0.14,0.0008,0.16,1.0,0.55,0.45,0.8,1.66,1.0,5.0,0.012,9e-05,0.16,90.0,280.0,100.0,3.36|2.09|1.47|1.1|0.93|0.76,4.43,1500.0,0.31,420.0,dct,0.42,1.9,0.022,1,False,0.58,0.0028,0.002,0.08,reflective,1.0,True,turbo,twin_scroll,1.1,0.0,0.4,0.12,0.5,False,False,False,0.0,2200.0,0.0,0.0,0.0,auto,-1.0,dohc,4,VVT,direct,True,fixed,True,stock,CW,,False,False,False,True,True,False,steel,400,0.3,0.5,0.0,4,1.984,0.0825,0.0928,0.14400000000000002,9.6,0|0|0|0,0|540|180|360
22b,Subaru Impreza 22B STi EJ22 flat-4,0.2,7000,820,0.0,0.14,0.0008,0.17,1.0,0.55,0.5,0.72,4.4,0.4,5.0,0.012,9e-05,0.16,90.0,280.0,74.0,3.45|2.06|1.45|1.09|0.82,4.44,1270.0,0.31,480.0,manual,0.5,1.9,0.025,2,False,0.6,0.003,0.002,0.08,reflective,1.0,True,turbo,,0.9,0.0,0.5,0.12,0.5,False,False,False,0.0,2200.0,0.0,0.0,28.0,auto,-1.0,dohc,4,,port,False,fixed,False,stock,CW,,False,False,False,False,True,False,steel,400,0.3,0.5,0.0,4,2.212,0.09690000000000001,0.075,0.131,8.0,-90|-90|90|90,0|360|180|540
250cal,Ferrari 250 California Colombo 3.0 V12,0.3,7000,750,0.0,0.14,0.0008,0.16,1.0,0.55,0.5,0.66,2.6,1.0,5.0,0.012,9e-05,0.16,90.0,280.0,80.0,3.14|2.1|1.55|1.18|0.9,3.44,1100.0,0.34,400.0,manual,0.55,2.0,0.025,2,False,0.82,0.0022,0.002,0.08,absorptive,1.0,False,na,,0.0,0.0,0.6,0.12,0.5,False,False,False,0.0,2200.0,0.0,0.0,0.0,auto,-1.0,dohc,4,,carb,False,fixed,False,stock,CW,,False,False,False,False,True,False,steel,400,0.3,0.5,0.2,12,2.953,0.073,0.0588,0.13,9.0,-30|-30|-30|-30|-30|-30|30|30|30|30|30|30,0|480|240|600|120|360|420|180|660|300|540|60
3,Ford Mustang GT Coyote 5.0 V8,0.42,7400,800,0.0,0.14,0.0008,0.22,1.0,0.55,0.6,0.5,4.0,1.0,5.0,0.012,9e-05,0.16,170.0,280.0,55.0,3.66|2.43|1.69|1.32|1.0|0.65,3.55,1750.0,0.34,640.0,manual,0.72,2.1,0.028,2,False,0.62,0.0035,0.002,0.08,reflective,1.0,False,na,,0.0,0.0,0.6,0.12,0.5,False,False,False,0.0,2200.0,0.0,0.0,0.0,auto,-1.0,dohc,4,Ti-VCT,dual,False,fixed,False,stock,CW,cross,False,False,False,False,True,False,steel,400,0.3,0.5,0.0,8,4.951,0.0922,0.0927,0.151,11.0,-45|-45|-45|-45|45|45|45|45,0|630|450|180|90|360|540|270
330i,BMW 330i (E90) N53B30 3.0 I6,0.24,7000,700,0.0,0.14,0.0008,0.15,1.0,0.55,0.55,0.6,3.05,1.0,5.0,0.012,9e-05,0.16,90.0,280.0,80.0,4.17|2.34|1.52|1.14|0.87|0.69,3.46,1525.0,0.32,400.0,manual,0.5,2.15,0.025,1,False,0.5,0.0042,0.002,0.08,reflective,1.0,False,na,,0.0,0.0,0.6,0.12,0.5,False,False,False,0.0,2200.0,0.0,0.0,0.0,auto,-1.0,dohc,4,double-VANOS,direct,False,fixed,True,stock,CW,,False,False,False,False,True,False,steel,400,0.3,0.5,0.0,6,2.996,0.085,0.088,0.14,10.7,0|0|0|0|0|0,0|480|240|600|120|360
4,Ferrari 458 Italia F136 4.5 V8,0.2,9000,950,0.0,0.14,0.0008,0.1,1.0,0.55,0.67,0.62,3.8,1.0,8.0,0.012,6e-05,0.16,170.0,280.0,120.0,3.08|2.18|1.63|1.29|1.03|0.84|0.69,5.14,1485.0,0.345,640.0,dct,0.62,2.2,0.025,1,False,0.92,0.0015,0.002,0.08,absorptive,1.0,False,na,,0.0,0.0,0.6,0.12,0.5,False,False,False,0.0,2200.0,0.0,0.0,0.0,auto,-1.0,dohc,4,F1-Trac VVT,port,False,fixed,False,race,CW,flat,False,False,False,False,True,False,titanium,200,0.3,0.5,0.0,8,4.497,0.094,0.081,0.149,12.5,-45|-45|-45|-45|45|45|45|45,0|540|180|360|90|630|270|450
488,Ferrari 488 GTB F154 3.9TT V8,0.2,8000,850,0.0,0.14,0.0008,0.14,1.0,0.55,0.7,0.62,3.2,0.48,5.0,0.012,9e-05,0.16,90.0,280.0,108.0,3.08|2.19|1.63|1.29|1.03|0.84|0.69,3.7,1475.0,0.34,700.0,dct,0.5,1.9,0.024,2,True,0.78,0.0016,0.002,0.08,absorptive,1.0,False,turbo,,1.2,0.0,0.25,0.12,0.5,False,False,False,0.0,2200.0,0.0,0.0,0.0,auto,-1.0,dohc,4,VVT,direct,False,fixed,False,hot,CW,flat,False,False,False,False,True,False,titanium,400,0.3,0.5,0.35,8,3.902,0.08650000000000001,0.083,0.152,9.4,-45|-45|-45|-45|45|45|45|45,0|540|180|360|450|270|630|90
5,Lexus LFA 1LR-GUE 4.8 V10,0.17,9000,950,0.0,0.14,0.0008,0.11,1.0,0.55,0.76,0.62,3.5,1.0,8.0,0.012,6e-05,0.16,170.0,280.0,135.0,3.231|2.188|1.609|1.233|0.97|0.795,3.417,1480.0,0.34,560.0,single,0.6,2.1,0.019,1,False,0.95,0.0015,0.002,0.08,absorptive,1.0,False,na,,0.0,0.0,0.6,0.12,0.5,False,False,False,0.0,2200.0,0.0,0.0,0.0,auto,-1.0,dohc,4,VVT-i,dual,False,fixed,False,race,CW,,False,False,False,False,True,False,titanium,200,0.3,0.5,0.0,10,4.805,0.088,0.079,0.13,12.0,-36|-36|-36|-36|-36|36|36|36|36|36,0|288|432|576|144|72|360|504|648|216
6,Lamborghini Murcielago LP670-4 SV 6.5 V12,0.3,8100,900,0.0,0.14,0.0008,0.09,1.0,0.55,0.74,0.6,3.5,1.0,10.0,0.012,9e-05,0.16,200.0,280.0,63.318830821292856,2.94|2.06|1.52|1.18|0.94|0.76,3.45,1565.0,0.345,720.0,single,0.68,2.2,0.027,2,False,0.88,0.0026,0.002,0.08,absorptive,1.0,False,na,,0.0,0.0,0.6,0.12,0.5,False,False,False,0.0,2200.0,0.0,0.0,0.0,auto,-1.0,dohc,4,VVT,direct,False,fixed,False,hot,CW,,False,False,False,False,True,False,steel,400,0.3,0.5,0.0,12,6.496,0.088,0.089,0.14,11.0,-30|-30|-30|-30|-30|-30|30|30|30|30|30|30,0|240|480|120|600|360|60|300|540|180|660|420
7,Ferrari F2004 Tipo053 3.0 V10 F1,0.045,18500,3600,0.0,0.14,0.0008,0.16,1.0,0.55,0.82,0.6,3.9,1.0,9.0,0.01,7e-06,0.16,120.0,280.0,185.0,2.5|1.95|1.6|1.36|1.18|1.04|0.92,4.2,650.0,0.33,400.0,single,0.4,0.85,0.02,1,False,0.98,0.0008,0.002,0.08,absorptive,1.0,False,na,,0.0,0.0,0.6,0.12,0.5,False,False,False,0.0,2200.0,0.0,0.0,0.0,auto,-1.0,dohc,4,,mech,False,fixed,False,race,CW,,False,False,False,False,False,True,titanium,400,0.3,0.5,0.0,10,2.997,0.096,0.0414,0.095,13.0,-45|-45|-45|-45|-45|45|45|45|45|45,0|288|432|576|144|72|360|504|648|216
787b,Mazda 787B R26B 4-rotor,0.16,9000,1100,0.0,0.14,0.0008,0.14,1.0,0.55,0.74,0.72,6.9,1.0,8.0,0.012,9e-05,0.16,180.0,280.0,135.0,2.6|1.9|1.5|1.2|1.0,4.1,830.0,0.33,600.0,single,0.42,1.6,0.023,1,False,0.95,0.001,0.002,0.08,absorptive,1.0,False,na,,0.0,0.0,0.6,0.12,0.5,False,False,False,0.0,2200.0,0.0,0.0,0.0,auto,-1.0,dohc,4,,port,False,fixed,False,race,CW,,True,False,False,False,False,True,steel,400,0.3,0.5,0.0,8,3.217,0.08,0.08,0.12,10.0,0|0|0|0|0|0|0|0,0|90|180|270|360|450|540|630
8,Dodge Charger SRT Hellcat 6.2 SC V8,0.45,6200,720,0.0,0.14,0.0008,0.2,1.0,0.55,0.5,0.75,1.73,1.0,7.0,0.012,9e-05,0.16,180.0,280.0,52.0,2.97|2.07|1.43|1.0|0.84|0.57,2.62,2020.0,0.34,900.0,at,0.75,2.2,0.029,2,False,0.6,0.0035,0.002,0.08,reflective,1.0,False,roots,,0.8,9.0,0.6,0.12,0.5,False,False,False,0.0,2200.0,0.0,0.0,0.0,auto,-1.0,ohv,2,VVT,port,False,fixed,False,stock,CW,cross,False,False,False,False,True,False,steel,400,0.3,0.5,0.0,8,6.166,0.1039,0.09090000000000001,0.155,9.5,-45|-45|-45|-45|45|45|45|45,0|630|270|180|450|360|540|90
9,Toyota Supra 2JZ-GTE 3.0 I6,0.26,7000,800,0.0,0.14,0.0008,0.22,1.0,0.72,0.5,0.75,1.7,0.79,5.0,0.012,9e-05,0.16,90.0,280.0,88.0,3.83|2.36|1.69|1.31|1.0|0.79,3.13,1560.0,0.32,520.0,manual,0.5,2.0,0.026,1,False,0.62,0.003,0.002,0.08,reflective,1.0,False,turbo,sequential,1.0,0.0,0.55,0.12,0.5,False,False,False,0.0,2200.0,0.0,0.0,0.0,auto,-1.0,dohc,4,VVT-i,port,False,fixed,False,stock,CW,,False,False,False,False,True,False,steel,400,0.3,0.5,0.0,6,2.997,0.08600000000000001,0.08600000000000001,0.14200000000000002,8.5,0|0|0|0|0|0,0|480|240|600|120|360
917,Porsche 917 LH Type 912 4.9 air-cooled flat-12,0.22,8400,1100,0.0,0.14,0.0008,0.11,1.0,0.55,0.74,0.6,3.7,1.0,5.0,0.012,9e-05,0.16,90.0,280.0,112.0,2.3|1.7|1.35|1.1|0.9,3.0,800.0,0.33,700.0,manual,0.42,1.3,0.02,2,False,0.97,0.0007,0.002,0.08,absorptive,1.0,False,na,,0.0,0.0,0.6,0.12,0.5,False,False,False,0.0,2200.0,0.0,0.0,0.0,auto,-1.0,dohc,4,,carb,False,fixed,False,hot,CW,,False,False,False,False,False,True,steel,400,0.3,0.5,0.32,12,4.907,0.08600000000000001,0.0704,0.123,10.5,-90|-90|-90|-90|-90|-90|90|90|90|90|90|90,0|480|240|600|120|360|420|180|660|300|540|60
918,Porsche 918 Spyder 9A1 4.6 V8 hybrid,0.22,9000,950,0.0,0.14,0.0008,0.13,1.0,0.55,0.7,0.5,4.8,1.0,8.0,0.012,9e-05,0.16,190.0,280.0,92.0,3.91|2.29|1.58|1.19|0.97|0.83|0.7,3.6,1675.0,0.34,1500.0,dct,0.5,1.9,0.025,2,False,0.92,0.0014,0.002,0.08,absorptive,1.0,False,na,,0.0,0.0,0.6,0.12,0.5,False,False,False,210.0,2500.0,0.0,0.0,0.0,auto,-1.0,dohc,4,VarioCam,direct,False,two-stage,False,race,CW,flat,False,False,False,False,True,False,steel,400,0.3,0.5,0.0,8,4.593,0.095,0.081,0.14,11.0,-45|-45|-45|-45|45|45|45|45,0|540|180|360|90|630|270|450
930,Porsche 911 Turbo 3.3 (930) air-cooled flat-6,0.2,7000,900,0.0,0.14,0.0008,0.16,1.0,0.55,0.5,0.6,3.4,0.46,5.0,0.012,9e-05,0.16,90.0,280.0,86.0,3.17|1.79|1.26|0.93,4.22,1300.0,0.32,520.0,manual,0.5,1.9,0.026,2,False,0.78,0.0024,0.002,0.08,reflective,1.0,False,turbo,,0.8,0.0,0.85,0.4,0.5,False,True,False,0.0,2200.0,0.0,0.0,10.0,auto,-1.0,dohc,4,,carb,False,fixed,False,stock,CW,,False,False,False,False,True,False,steel,400,0.3,0.5,0.0,6,3.299,0.097,0.07440000000000001,0.127,7.0,-90|-90|-90|90|90|90,0|240|480|360|600|120
991rs,Porsche 911 GT3 RS 4.0 (991.1) 9A1 flat-6,0.15,8800,950,0.0,0.14,0.0008,0.12,1.0,0.55,0.76,0.62,3.6,1.0,5.0,0.012,9e-05,0.16,90.0,280.0,106.0,3.91|2.32|1.61|1.28|1.08|0.88|0.74,3.97,1420.0,0.33,560.0,dct,0.5,1.85,0.022,2,False,0.9,0.0014,0.002,0.08,absorptive,1.0,False,na,,0.0,0.0,0.6,0.12,0.5,False,False,False,0.0,2200.0,0.0,0.0,13.0,auto,-1.0,dohc,4,VarioCam,port,False,two-stage,False,hot,CW,,False,False,False,False,True,False,steel,400,0.3,0.8,0.25,6,3.996,0.10200000000000001,0.0815,0.127,12.9,-90|-90|-90|90|90|90,0|240|480|360|600|120
993gt2,Porsche 911 GT2 (993) air-cooled TT flat-6,0.18,7000,900,0.0,0.14,0.0008,0.15,1.0,0.55,0.5,0.62,3.5,1.0,5.0,0.012,9e-05,0.16,90.0,280.0,88.0,3.15|1.79|1.26|0.97|0.79|0.66,3.44,1290.0,0.32,560.0,manual,0.48,1.8,0.025,2,False,0.86,0.0014,0.002,0.08,absorptive,1.0,False,turbo,,0.9,0.0,0.5,0.12,0.5,False,True,False,0.0,2200.0,0.0,0.0,10.0,auto,-1.0,dohc,4,,port,False,fixed,False,stock,CW,,False,False,False,False,False,False,steel,400,0.3,0.5,0.0,6,3.6,0.1,0.07640000000000001,0.127,8.0,-90|-90|-90|90|90|90,0|240|480|360|600|120
996gt1,Porsche 911 GT1 Strassenversion (996) TT flat-6,0.16,7400,950,0.0,0.14,0.0008,0.13,1.0,0.55,0.7,0.6,3.5,1.0,5.0,0.012,9e-05,0.16,90.0,280.0,96.0,2.74|1.81|1.35|1.08|0.89|0.74,3.44,1150.0,0.33,620.0,manual,0.45,1.6,0.022,2,False,0.93,0.0008,0.002,0.08,absorptive,1.0,False,turbo,,1.1,0.0,0.4,0.12,0.5,False,False,False,0.0,2200.0,0.0,0.0,0.0,auto,-1.0,dohc,4,,port,False,fixed,False,race,CW,,False,False,False,False,False,True,titanium,400,0.3,0.5,0.3,6,3.164,0.095,0.07440000000000001,0.127,8.5,-90|-90|-90|90|90|90,0|240|480|360|600|120
997rs4,Porsche 911 GT3 RS 4.0 (997.2) Mezger flat-6,0.15,8500,950,0.0,0.14,0.0008,0.12,1.0,0.55,0.76,0.6,3.7,1.0,5.0,0.012,9e-05,0.16,90.0,280.0,110.0,3.15|2.0|1.48|1.13|0.92|0.78,3.89,1370.0,0.33,560.0,manual,0.5,1.85,0.02,2,False,0.93,0.0012,0.002,0.08,absorptive,1.0,False,na,,0.0,0.0,0.6,0.12,0.5,False,False,False,0.0,2200.0,0.0,0.0,12.0,auto,-1.0,dohc,4,VarioCam,port,False,two-stage,False,hot,CW,,False,False,False,False,True,False,steel,400,0.3,0.8,0.3,6,3.996,0.1027,0.08040000000000001,0.127,12.6,-90|-90|-90|90|90|90,0|240|480|360|600|120
a45,Mercedes-AMG A45 S M139 2.0 I4,0.18,6750,820,0.0,0.14,0.0008,0.22,1.0,0.72,0.5,0.72,1.6,1.0,5.0,0.012,9e-05,0.16,90.0,280.0,86.0,5.5|3.36|2.27|1.72|1.31|1.0|0.82|0.65,3.06,1555.0,0.32,520.0,dct,0.48,1.85,0.025,1,False,0.66,0.0026,0.002,0.08,reflective,1.0,True,turbo,,1.5,0.0,0.4,0.12,0.5,False,False,False,0.0,2200.0,0.0,0.0,0.0,auto,-1.0,dohc,4,Camtronic,direct,True,two-stage,True,stock,CW,,False,False,False,True,True,False,steel,400,0.3,0.5,0.0,4,1.991,0.083,0.092,0.149,9.0,0|0|0|0,0|540|180|360
ab500,Abarth 500 esseesse 1.4 T-Jet I4,0.12,6500,850,0.0,0.14,0.0008,0.17,1.0,0.55,0.45,0.5,3.3,1.0,5.0,0.012,9e-05,0.16,90.0,280.0,96.0,3.91|2.24|1.52|1.16|0.87,3.35,1035.0,0.3,240.0,manual,0.45,1.7,0.022,1,False,0.66,0.0025,0.002,0.08,reflective,1.0,True,turbo,,0.9,0.0,0.4,0.12,0.5,False,True,False,0.0,2200.0,0.0,0.0,0.0,auto,-1.0,dohc,4,,port,True,fixed,False,stock,CW,,False,False,False,False,True,False,steel,400,0.3,0.8,0.0,4,1.368,0.07200000000000001,0.084,0.132,9.8,0|0|0|0,0|540|180|360
actros,Mercedes-Benz Actros Tankpool OM471 12.8 diesel I6,2.6,2700,560,0.0,0.14,0.0008,0.2,1.0,0.55,0.5,0.7,4.8,1.0,30.0,0.012,9e-05,0.16,1000.0,200.0,46.0,14.9|11.6|9.0|7.0|5.5|4.3|3.4|2.6|2.05|1.6|1.25|1.0,2.6,5500.0,0.52,4000.0,manual,0.85,2.6,0.044,1,False,0.78,0.012,0.002,0.08,reflective,1.0,False,turbo,,2.4,0.0,0.6,0.12,0.5,False,False,False,0.0,2200.0,0.0,0.0,0.0,auto,-1.0,ohv,4,,diesel,False,fixed,False,mild,CW,,False,False,False,False,False,False,steel,400,0.3,0.7,0.0,6,12.809,0.132,0.156,0.255,17.0,0|0|0|0|0|0,0|480|240|600|120|360
ae86,Toyota AE86 4A-GE 1.6 I4,0.12,7600,850,0.0,0.14,0.0008,0.16,1.0,0.55,0.66,0.5,4.5,1.0,4.0,0.012,9e-05,0.16,110.0,280.0,100.0,3.59|2.25|1.49|1.0|0.85,4.3,970.0,0.3,300.0,manual,0.5,1.7,0.018,1,False,0.66,0.0022,0.002,0.08,reflective,1.0,False,na,,0.0,0.0,0.6,0.12,0.5,False,False,False,0.0,2200.0,0.0,0.0,0.0,auto,-1.0,dohc,4,,port,False,fixed,False,stock,CW,,False,False,False,False,True,False,aluminium,400,0.42,0.9,0.0,4,1.587,0.081,0.077,0.122,10.3,0|0|0|0,0|540|180|360
amggt,Mercedes-AMG GT M178 4.0TT V8,0.28,7000,720,0.0,0.14,0.0008,0.16,1.0,0.55,0.5,0.74,1.23,1.0,5.0,0.012,9e-05,0.16,90.0,280.0,72.0,3.4|2.19|1.63|1.29|1.03|0.84|0.69,3.67,1630.0,0.34,680.0,dct,0.6,2.05,0.027,2,True,0.68,0.003,0.002,0.08,reflective,1.0,False,turbo,,1.1,0.0,0.4,0.12,0.5,False,False,False,0.0,2200.0,0.0,0.0,0.0,auto,-1.0,dohc,4,VVT,direct,False,fixed,False,stock,CW,flat,False,False,False,False,True,False,steel,400,0.3,0.5,0.0,8,3.982,0.083,0.092,0.15,10.5,-45|-45|-45|-45|45|45|45|45,0|540|180|360|90|630|270|450
atomv8,Ariel Atom V8 Hartley 3.0 V8,0.08,10500,1100,0.0,0.14,0.0008,0.11,1.0,0.55,0.82,0.55,3.6,1.0,5.0,0.012,9e-05,0.16,90.0,280.0,150.0,2.7|1.9|1.45|1.15|0.95|0.8,3.6,550.0,0.3,420.0,single,0.42,1.5,0.018,2,False,0.96,0.0007,0.002,0.08,absorptive,1.0,False,na,,0.0,0.0,0.6,0.12,0.5,False,False,False,0.0,2200.0,0.0,0.0,0.0,auto,-1.0,dohc,4,,port,False,fixed,False,race,CW,flat,False,False,False,False,False,True,titanium,400,0.3,0.5,0.3,8,2.993,0.09,0.0588,0.11,11.5,-45|-45|-45|-45|45|45|45|45,0|540|180|360|450|270|630|90
audiv8,Audi R8 4.2 FSI V8,0.26,8250,720,0.0,0.14,0.0008,0.15,1.0,0.55,0.66,0.5,3.82,1.0,8.0,0.012,9e-05,0.16,180.0,280.0,70.0,3.13|2.05|1.46|1.09|0.85|0.68,4.06,1560.0,0.34,560.0,manual,0.6,2.05,0.027,2,False,0.84,0.0024,0.002,0.08,absorptive,1.0,False,na,,0.0,0.0,0.6,0.12,0.5,False,False,False,0.0,2200.0,0.0,0.0,0.0,auto,-1.0,dohc,4,AVS,port,False,two-stage,False,hot,CW,cross,False,False,False,False,True,False,steel,400,0.3,0.5,0.0,8,4.163,0.0845,0.0928,0.154,12.5,-45|-45|-45|-45|45|45|45|45,0|630|450|180|90|360|540|270
aven,Lamborghini Aventador LP700-4 L539 6.5 V12,0.3,8500,900,0.0,0.14,0.0008,0.16,1.0,0.55,0.68,0.62,3.75,1.0,10.0,0.012,9e-05,0.16,200.0,280.0,86.0,2.93|2.15|1.66|1.32|1.06|0.86|0.72,3.91,1575.0,0.35,720.0,single,0.5,1.95,0.023,2,False,0.84,0.0016,0.002,0.08,absorptive,1.0,False,na,,0.0,0.0,0.6,0.12,0.5,False,False,False,0.0,2200.0,0.0,0.0,9.0,auto,-1.0,dohc,4,VVT,direct,False,fixed,False,hot,CW,,False,False,False,False,True,False,titanium,350,0.3,0.8,0.3,12,6.498,0.095,0.07640000000000001,0.148,11.8,-30|-30|-30|-30|-30|-30|30|30|30|30|30|30,0|240|480|120|600|360|420|660|180|540|300|60
b48,BMW 230i B48 2.0 I4,0.18,6500,750,0.0,0.14,0.0008,0.22,1.0,0.74,0.5,0.72,1.95,1.0,5.0,0.012,9e-05,0.16,90.0,280.0,82.0,5.0|3.2|2.14|1.72|1.31|1.0|0.82|0.64,3.15,1545.0,0.32,440.0,at,0.5,1.9,0.025,1,False,0.6,0.003,0.002,0.08,reflective,1.0,True,turbo,twin_scroll,0.9,0.0,0.4,0.12,0.5,False,False,False,0.0,2200.0,0.0,0.0,0.0,auto,-1.0,dohc,4,Valvetronic,direct,True,continuous,True,stock,CW,,False,False,False,True,True,False,steel,400,0.3,0.5,0.0,4,1.998,0.082,0.09459999999999999,0.15,11.0,0|0|0|0,0|540|180|360
bentss,Bentley Continental Supersports 6.0TT W12,0.45,6200,620,0.0,0.14,0.0008,0.18,1.0,0.55,0.5,0.78,1.95,1.0,12.0,0.012,9e-05,0.16,220.0,280.0,54.0,4.71|3.14|2.11|1.67|1.29|1.0|0.84|0.67,2.92,2280.0,0.34,1100.0,dct,0.72,2.4,0.029,2,False,0.6,0.0045,0.002,0.08,reflective,1.0,False,turbo,,0.9,0.0,0.45,0.12,0.5,False,False,False,0.0,2200.0,0.0,0.0,0.0,auto,-1.0,dohc,4,VVT,port,False,fixed,False,stock,CW,,False,True,False,False,True,False,steel,400,0.3,0.5,0.0,12,5.998,0.084,0.0902,0.152,10.5,-52.5|-37.5|-52.5|-37.5|-52.5|-37.5|37.5|52.5|37.5|52.5|37.5|52.5,0|480|240|600|120|360|420|180|660|300|540|60
bmwv8,BMW M5 S63 4.4TT V8,0.3,7000,650,0.0,0.14,0.0008,0.17,1.0,0.55,0.5,0.74,1.35,1.0,5.0,0.012,9e-05,0.16,90.0,280.0,58.0,4.71|3.14|2.11|1.67|1.29|1.0|0.84|0.67,3.15,1930.0,0.33,820.0,at,0.66,2.1,0.028,2,False,0.62,0.0034,0.002,0.08,reflective,1.0,False,turbo,,1.1,0.0,0.4,0.12,0.5,False,False,False,0.0,2200.0,0.0,0.0,0.0,auto,-1.0,dohc,4,Valvetronic,port,False,continuous,False,stock,CW,cross,False,False,False,False,True,False,steel,400,0.3,0.5,0.0,8,4.395,0.089,0.0883,0.15,10.0,-45|-45|-45|-45|45|45|45|45,0|630|450|180|90|360|540|270
boneshaker,Hot Wheels Bone Shaker blown 7.0 V8,0.4,6500,750,0.0,0.14,0.0008,0.12,1.0,0.55,0.5,0.66,3.7,1.0,5.0,0.012,9e-05,0.16,90.0,280.0,54.0,2.48|1.48|1.0,4.1,1500.0,0.45,1000.0,manual,0.55,1.4,0.032,2,False,0.97,0.0006,0.002,0.08,absorptive,1.0,False,roots,,1.0,10.0,0.6,0.12,0.5,False,False,False,0.0,2200.0,0.0,0.0,0.0,auto,-1.0,ohv,2,,carb,False,fixed,False,stock,CW,cross,False,False,False,False,False,False,steel,400,0.3,0.5,0.0,8,6.994,0.11,0.092,0.16,9.0,-45|-45|-45|-45|45|45|45|45,0|630|450|180|90|360|540|270
borav5,Volkswagen Bora VR5 AQN 2.3 VR5,0.18,6500,800,0.0,0.14,0.0008,0.15,1.0,0.55,0.55,0.5,3.3,1.0,5.0,0.012,9e-05,0.16,90.0,280.0,78.0,3.3|1.94|1.31|1.03|0.84,3.65,1320.0,0.3,320.0,manual,0.5,1.9,0.025,1,False,0.7,0.0024,0.002,0.08,reflective,1.0,False,na,,0.0,0.0,0.6,0.12,0.5,False,False,False,0.0,2200.0,0.0,0.0,14.0,auto,-1.0,dohc,4,VVT,port,False,fixed,False,stock,CW,,False,False,False,False,True,False,steel,400,0.3,0.78,0.0,5,2.327,0.081,0.0903,0.164,10.0,-7.5|-7.5|7.5|7.5|7.5,0|144|576|288|432
c63bs,Mercedes-Benz C63 AMG BS M156 6.2 V8,0.3,7200,650,0.0,0.14,0.0008,0.12,1.0,0.55,0.62,0.66,3.4,1.0,5.0,0.012,9e-05,0.16,90.0,280.0,66.0,4.38|2.86|1.92|1.37|1.0|0.82|0.73,3.07,1720.0,0.34,720.0,at,0.6,2.1,0.029,2,False,0.84,0.0018,0.002,0.08,absorptive,1.0,False,na,,0.0,0.0,0.6,0.12,0.5,False,False,False,0.0,2200.0,0.0,0.0,0.0,auto,-1.0,dohc,4,VVT,direct,False,fixed,False,stock,CW,cross,False,False,False,False,True,False,steel,400,0.3,0.5,0.0,8,6.208,0.1022,0.09459999999999999,0.155,11.3,-45|-45|-45|-45|45|45|45|45,0|630|450|180|90|360|540|270
c7,Chevrolet Corvette C7 LT1 6.2 V8,0.4,6600,750,0.0,0.14,0.0008,0.2,1.0,0.55,0.58,0.5,3.6,1.0,6.0,0.012,9e-05,0.16,180.0,280.0,52.0,2.97|2.07|1.43|1.0|0.71|0.57|0.48,2.41,1500.0,0.34,700.0,manual,0.74,2.15,0.029,2,False,0.66,0.0034,0.002,0.08,reflective,1.0,False,na,,0.0,0.0,0.6,0.12,0.5,False,False,False,0.0,2200.0,0.0,0.0,0.0,auto,-1.0,ohv,2,VVT,direct,False,fixed,False,stock,CW,cross,False,False,False,False,True,False,steel,400,0.3,0.5,0.0,8,6.162,0.10325000000000001,0.092,0.154,11.5,-45|-45|-45|-45|45|45|45|45,0|270|630|540|450|360|180|90
cgt,Porsche Carrera GT 980/01 5.7 V10,0.2,8400,950,0.0,0.14,0.0008,0.12,1.0,0.55,0.72,0.5,3.7,1.0,9.0,0.012,9e-05,0.16,190.0,280.0,104.0,3.15|2.18|1.61|1.27|1.03|0.84,3.55,1380.0,0.34,600.0,manual,0.55,2.0,0.026,2,False,0.92,0.0018,0.002,0.08,absorptive,1.0,False,na,,0.0,0.0,0.6,0.12,0.5,False,False,False,0.0,2200.0,0.0,0.0,0.0,auto,-1.0,dohc,4,,mech,False,fixed,False,race,CW,,False,False,False,False,True,False,titanium,200,0.3,0.5,0.0,10,5.733,0.098,0.076,0.14,12.0,-34|-34|-34|-34|-34|34|34|34|34|34,0|288|432|576|144|72|360|504|648|216
challenger,Dodge Challenger R/T 392 6.4 HEMI V8,0.34,6400,620,0.0,0.14,0.0008,0.13,1.0,0.55,0.5,0.68,3.5,1.0,5.0,0.012,9e-05,0.16,90.0,280.0,56.0,2.97|2.07|1.43|1.0|0.71|0.57,3.09,1880.0,0.34,650.0,manual,0.62,2.1,0.03,2,False,0.82,0.0024,0.002,0.08,absorptive,1.0,False,na,,0.0,0.0,0.6,0.12,0.5,False,False,False,0.0,2200.0,0.0,0.0,0.0,auto,-1.0,ohv,2,VVT,port,False,fixed,False,stock,CW,cross,False,False,False,False,True,False,steel,400,0.3,0.5,0.0,8,6.417,0.1039,0.09459999999999999,0.155,10.9,-45|-45|-45|-45|45|45|45|45,0|630|450|180|90|360|540|270
charger,Dodge Charger R/T 5.7 HEMI V8,0.34,6000,620,0.0,0.14,0.0008,0.14,1.0,0.55,0.5,0.68,3.4,1.0,5.0,0.012,9e-05,0.16,90.0,280.0,58.0,3.59|2.19|1.41|1.0|0.83|0.69|0.58|0.48,2.62,1950.0,0.34,600.0,at,0.6,2.2,0.03,2,False,0.7,0.003,0.002,0.08,reflective,1.0,False,na,,0.0,0.0,0.6,0.12,0.5,False,False,False,0.0,2200.0,0.0,0.0,0.0,auto,-1.0,ohv,2,VVT,port,False,fixed,False,stock,CW,cross,False,False,False,False,True,False,steel,400,0.3,0.5,0.0,8,5.654,0.0995,0.09090000000000001,0.155,10.5,-45|-45|-45|-45|45|45|45|45,0|630|450|180|90|360|540|270
chevyss,Chevrolet SS LS3 6.2 V8,0.32,6600,620,0.0,0.14,0.0008,0.14,1.0,0.55,0.5,0.68,3.3,1.0,5.0,0.012,9e-05,0.16,90.0,280.0,60.0,2.97|2.07|1.43|1.0|0.71|0.57,3.27,1840.0,0.34,700.0,manual,0.6,2.1,0.029,2,False,0.78,0.0026,0.002,0.08,reflective,1.0,False,na,,0.0,0.0,0.6,0.12,0.5,False,False,False,0.0,2200.0,0.0,0.0,0.0,auto,-1.0,ohv,2,,port,False,fixed,False,stock,CW,cross,False,False,False,False,True,False,steel,400,0.3,0.5,0.0,8,6.162,0.10325000000000001,0.092,0.154,10.7,-45|-45|-45|-45|45|45|45|45,0|630|450|180|90|360|540|270
clkgtr,Mercedes-Benz CLK GTR M120 6.0 V12,0.26,7500,950,0.0,0.14,0.0008,0.12,1.0,0.55,0.72,0.6,3.6,1.0,5.0,0.012,9e-05,0.16,90.0,280.0,98.0,2.6|1.9|1.5|1.25|1.05|0.88,3.5,1440.0,0.34,720.0,single,0.5,1.6,0.023,2,False,0.92,0.001,0.002,0.08,absorptive,1.0,False,na,,0.0,0.0,0.6,0.12,0.5,False,False,False,0.0,2200.0,0.0,0.0,0.0,auto,-1.0,dohc,4,,mech,False,fixed,False,race,CW,,False,False,False,False,False,True,titanium,400,0.3,0.5,0.32,12,5.987,0.089,0.08020000000000001,0.147,10.5,-30|-30|-30|-30|-30|-30|30|30|30|30|30|30,0|480|240|600|120|360|420|180|660|300|540|60
conti,Bentley Continental GT 6.0TT W12,0.45,6000,620,0.0,0.14,0.0008,0.18,1.0,0.55,0.5,0.78,1.77,1.0,12.0,0.012,9e-05,0.16,220.0,280.0,54.0,4.71|3.14|2.11|1.67|1.29|1.0|0.84|0.67,2.92,2244.0,0.34,1100.0,dct,0.72,2.4,0.029,2,False,0.55,0.0045,0.002,0.08,reflective,1.0,False,turbo,,0.7,0.0,0.45,0.12,0.5,False,False,False,0.0,2200.0,0.0,0.0,0.0,auto,-1.0,dohc,4,VVT,port,False,fixed,False,stock,CW,,False,True,False,False,True,False,steel,400,0.3,0.5,0.0,12,5.998,0.084,0.0902,0.152,10.5,-52.5|-37.5|-52.5|-37.5|-52.5|-37.5|37.5|52.5|37.5|52.5|37.5|52.5,0|480|240|600|120|360|420|180|660|300|540|60
corradovr6,Volkswagen Corrado VR6 ABV 2.9 VR6,0.2,6400,780,0.0,0.14,0.0008,0.15,1.0,0.55,0.55,0.5,3.3,1.0,5.0,0.012,9e-05,0.16,90.0,280.0,80.0,3.78|2.12|1.46|1.03|0.84,3.68,1230.0,0.3,340.0,manual,0.5,1.95,0.026,1,False,0.74,0.0024,0.002,0.08,reflective,1.0,False,na,,0.0,0.0,0.6,0.12,0.5,False,False,False,0.0,2200.0,0.0,0.0,12.0,auto,-1.0,dohc,4,,port,False,fixed,False,stock,CW,,False,False,False,False,True,False,steel,400,0.3,0.75,0.0,6,2.861,0.082,0.0903,0.164,10.0,-7.5|-7.5|-7.5|7.5|7.5|7.5,0|480|240|600|120|360
countach,Lamborghini Countach LP5000 QV 5.2 V12,0.32,7200,900,0.0,0.14,0.0008,0.12,1.0,0.55,0.5,0.62,3.5,1.0,5.0,0.012,9e-05,0.16,90.0,280.0,70.0,2.99|2.04|1.43|1.0|0.78,4.09,1490.0,0.34,560.0,manual,0.56,2.0,0.028,2,False,0.84,0.0016,0.002,0.08,absorptive,1.0,False,na,,0.0,0.0,0.6,0.12,0.5,False,False,False,0.0,2200.0,0.0,0.0,0.0,auto,-1.0,dohc,4,,carb,False,fixed,False,stock,CW,,False,False,False,False,True,False,steel,400,0.3,0.7,0.2,12,5.167,0.0855,0.075,0.14200000000000002,9.5,-30|-30|-30|-30|-30|-30|30|30|30|30|30|30,0|480|240|600|120|360|420|180|660|300|540|60
crs27,Porsche 911 Carrera RS 2.7 air-cooled flat-6,0.16,7300,900,0.0,0.14,0.0008,0.14,1.0,0.55,0.66,0.5,3.6,1.0,5.0,0.012,9e-05,0.16,90.0,280.0,98.0,3.18|1.83|1.26|0.93|0.72,4.43,975.0,0.31,320.0,manual,0.5,1.8,0.023,2,False,0.85,0.0016,0.002,0.08,absorptive,1.0,False,na,,0.0,0.0,0.6,0.12,0.5,False,False,False,0.0,2200.0,0.0,0.0,12.0,auto,-1.0,dohc,4,,carb,False,fixed,False,stock,CW,,False,False,False,False,True,False,steel,400,0.3,0.75,0.2,6,2.687,0.09,0.0704,0.127,8.5,-90|-90|-90|90|90|90,0|240|480|360|600|120
ct5v,Cadillac CT5-V Blackwing LT4 6.2 SC V8,0.34,6500,620,0.0,0.14,0.0008,0.16,1.0,0.55,0.5,0.72,3.2,0.53,5.0,0.012,9e-05,0.16,90.0,280.0,62.0,2.97|2.07|1.43|1.0|0.71|0.57,3.27,1840.0,0.34,850.0,manual,0.6,2.1,0.03,2,False,0.72,0.0028,0.002,0.08,reflective,1.0,False,roots,,0.7,8.5,0.6,0.12,0.5,False,False,False,0.0,2200.0,0.0,0.0,0.0,auto,-1.0,ohv,2,VVT,direct,False,fixed,False,stock,CW,cross,False,False,False,False,True,False,steel,400,0.3,0.5,0.0,8,6.162,0.10325000000000001,0.092,0.154,10.0,-45|-45|-45|-45|45|45|45|45,0|630|450|180|90|360|540|270
d8gto,Donkervoort D8 GTO EA855 2.5TT I5,0.13,7000,850,0.0,0.14,0.0008,0.16,1.0,0.55,0.5,0.66,3.4,1.0,5.0,0.012,9e-05,0.16,90.0,280.0,96.0,3.5|2.16|1.59|1.26|1.03,3.64,695.0,0.31,420.0,manual,0.5,1.7,0.025,1,False,0.86,0.0012,0.002,0.08,absorptive,1.0,True,turbo,,1.1,0.0,0.3,0.12,0.5,False,False,False,0.0,2200.0,0.0,0.0,0.0,auto,-1.0,dohc,4,AVS,direct,False,two-stage,False,stock,CW,,False,False,False,False,False,False,steel,400,0.3,0.5,0.0,5,2.48,0.0825,0.0928,0.145,10.0,0|0|0|0|0,0|144|576|288|432
db11,Aston Martin DB11 AE31 5.2TT V12,0.4,7000,600,0.0,0.14,0.0008,0.18,1.0,0.55,0.5,0.78,2.4,0.64,5.0,0.012,9e-05,0.16,90.0,280.0,58.0,4.71|3.14|2.11|1.67|1.29|1.0|0.84|0.67,2.7,1875.0,0.34,900.0,at,0.6,2.4,0.029,2,False,0.74,0.004,0.002,0.08,reflective,1.0,False,turbo,,1.0,0.0,0.4,0.12,0.5,False,False,False,0.0,2200.0,0.0,0.0,0.0,auto,-1.0,dohc,4,VVT,direct,False,fixed,False,stock,CW,,False,False,False,False,True,False,steel,400,0.3,0.5,0.0,12,5.203,0.089,0.0697,0.154,9.3,-30|-30|-30|-30|-30|-30|30|30|30|30|30|30,0|480|240|600|120|360|420|180|660|300|540|60
deltas4,Lancia Delta S4 Abarth 233 ATR 1.8 I4,0.12,8000,1100,0.0,0.14,0.0008,0.18,1.0,0.55,0.5,0.6,3.6,1.0,5.0,0.012,9e-05,0.16,90.0,280.0,112.0,2.6|1.85|1.4|1.1|0.88,4.3,1090.0,0.31,540.0,manual,0.42,1.5,0.027,1,False,0.88,0.001,0.002,0.08,absorptive,1.0,True,turbo,twincharge,2.0,8.5,0.5,0.16,0.5,True,True,False,0.0,2200.0,0.0,0.0,0.0,auto,-1.0,dohc,4,,port,False,fixed,False,stock,CW,,False,False,False,False,False,True,steel,400,0.3,0.5,0.0,4,1.759,0.0885,0.07150000000000001,0.13,7.0,0|0|0|0,0|540|180|360
diablo,Lamborghini Diablo VT 6.0 V12,0.3,7100,900,0.0,0.14,0.0008,0.1,1.0,0.55,0.7,0.6,3.8,1.0,10.0,0.012,9e-05,0.16,200.0,280.0,56.0,2.31|1.58|1.24|0.94|0.76,4.09,1625.0,0.34,720.0,manual,0.58,2.1,0.029,2,False,0.83,0.0024,0.002,0.08,absorptive,1.0,False,na,,0.0,0.0,0.6,0.12,0.5,False,False,False,0.0,2200.0,0.0,0.0,0.0,auto,-1.0,dohc,4,,carb,False,fixed,False,stock,CW,,False,False,False,False,True,False,steel,400,0.3,0.5,0.0,12,6.061,0.08750000000000001,0.084,0.154,10.7,-30|-30|-30|-30|-30|-30|30|30|30|30|30|30,0|240|480|120|600|360|60|300|540|180|660|420
e36m3,BMW M3 E36 S50B30 3.0 I6,0.22,7200,780,0.0,0.14,0.0008,0.14,1.0,0.55,0.62,0.62,3.3,1.0,5.0,0.012,9e-05,0.16,90.0,280.0,86.0,4.2|2.49|1.66|1.24|1.0,3.23,1440.0,0.32,420.0,manual,0.55,2.0,0.026,1,False,0.78,0.0026,0.002,0.08,reflective,1.0,False,na,,0.0,0.0,0.6,0.12,0.5,False,False,False,0.0,2200.0,0.0,0.0,0.0,auto,-1.0,dohc,4,VANOS,port,False,fixed,False,stock,CW,,False,False,False,False,True,False,steel,400,0.3,0.5,0.0,6,2.99,0.08600000000000001,0.0858,0.135,10.8,0|0|0|0|0|0,0|480|240|600|120|360
e60m5,BMW M5 E60 S85 5.0 V10,0.2,8250,900,0.0,0.14,0.0008,0.12,1.0,0.55,0.78,0.6,3.6,1.0,5.0,0.012,9e-05,0.16,90.0,280.0,120.0,4.06|2.4|1.58|1.19|1.0|0.87|0.74,3.62,1830.0,0.34,680.0,single,0.5,1.95,0.021,2,False,0.9,0.0016,0.002,0.08,absorptive,1.0,False,na,,0.0,0.0,0.6,0.12,0.5,False,False,False,0.0,2200.0,0.0,0.0,0.0,auto,-1.0,dohc,4,double-VANOS,port,False,fixed,False,hot,CW,,False,False,False,False,True,False,titanium,400,0.3,0.5,0.3,10,4.999,0.092,0.0752,0.139,12.0,-45|-45|-45|-45|-45|45|45|45|45|45,0|288|432|576|144|72|360|504|648|216
e63,Mercedes-Benz E63 AMG M157 5.5TT V8,0.32,6500,620,0.0,0.14,0.0008,0.18,1.0,0.55,0.5,0.74,2.8,0.41,5.0,0.012,9e-05,0.16,90.0,280.0,64.0,4.38|2.86|1.92|1.37|1.0|0.82|0.73,2.82,1880.0,0.34,900.0,at,0.62,2.3,0.03,2,True,0.62,0.004,0.002,0.08,reflective,1.0,False,turbo,,1.0,0.0,0.4,0.12,0.5,False,False,False,0.0,2200.0,0.0,0.0,0.0,auto,-1.0,dohc,4,VVT,direct,False,fixed,False,stock,CW,cross,False,False,False,False,True,False,steel,400,0.3,0.5,0.0,8,5.461,0.098,0.0905,0.154,10.0,-45|-45|-45|-45|45|45|45|45,0|630|450|180|90|360|540|270
e92m3,BMW M3 E92 S65 4.0 V8,0.24,8300,850,0.0,0.14,0.0008,0.14,1.0,0.55,0.66,0.5,4.0,1.0,7.0,0.012,9e-05,0.16,170.0,280.0,76.0,4.06|2.4|1.58|1.19|1.0|0.87|0.74,3.85,1655.0,0.33,600.0,dct,0.58,2.0,0.026,2,False,0.8,0.0024,0.002,0.08,absorptive,1.0,False,na,,0.0,0.0,0.6,0.12,0.5,False,False,False,0.0,2200.0,0.0,0.0,0.0,auto,-1.0,dohc,4,double-VANOS,port,False,fixed,False,hot,CW,flat,False,False,False,False,True,False,steel,400,0.3,0.5,0.0,8,3.999,0.092,0.0752,0.14100000000000001,12.0,-45|-45|-45|-45|45|45|45|45,0|630|450|180|90|360|540|270
ek9,Honda Civic Type-R EK9 B16B,0.11,8400,850,0.0,0.14,0.0008,0.14,1.0,0.55,0.78,0.58,3.6,1.0,5.0,0.012,9e-05,0.16,90.0,280.0,104.0,3.23|2.11|1.52|1.15|0.92,4.4,1070.0,0.3,260.0,manual,0.5,1.8,0.022,1,False,0.82,0.0022,0.002,0.08,absorptive,1.0,False,na,,0.0,0.0,0.6,0.12,0.5,False,False,False,0.0,2200.0,0.0,0.0,0.0,auto,-1.0,dohc,4,VTEC,port,True,two-stage,False,hot,CCW,,False,False,False,False,True,False,steel,400,0.3,0.5,0.0,4,1.595,0.081,0.07740000000000001,0.134,10.8,0|0|0|0,0|540|180|360
enzo,Ferrari Enzo F140B 6.0 V12,0.26,8200,900,0.0,0.14,0.0008,0.13,1.0,0.55,0.74,0.6,3.6,1.0,5.0,0.012,9e-05,0.16,90.0,280.0,96.0,3.15|2.18|1.67|1.33|1.07|0.85,4.1,1365.0,0.34,620.0,single,0.6,2.0,0.024,2,False,0.92,0.0018,0.002,0.08,absorptive,1.0,False,na,,0.0,0.0,0.6,0.12,0.5,False,False,False,0.0,2200.0,0.0,0.0,0.0,auto,-1.0,dohc,4,VVT,direct,False,fixed,False,hot,CW,,False,False,False,False,True,False,titanium,400,0.3,0.6,0.45,12,5.999,0.092,0.0752,0.147,11.2,-32.5|-32.5|-32.5|-32.5|-32.5|-32.5|32.5|32.5|32.5|32.5|32.5|32.5,0|480|240|600|120|360|420|180|660|300|540|60
ep3,Honda Civic Type-R EP3 K20A,0.12,8000,820,0.0,0.14,0.0008,0.14,1.0,0.55,0.76,0.6,3.6,1.0,5.0,0.012,9e-05,0.16,90.0,280.0,100.0,3.27|2.13|1.52|1.21|0.97,4.76,1200.0,0.31,280.0,manual,0.5,1.85,0.023,1,False,0.8,0.0024,0.002,0.08,absorptive,1.0,False,na,,0.0,0.0,0.6,0.12,0.5,False,False,False,0.0,2200.0,0.0,0.0,0.0,auto,-1.0,dohc,4,VTEC,port,True,two-stage,False,hot,CCW,,False,False,False,False,True,False,steel,400,0.3,0.5,0.0,4,1.998,0.08600000000000001,0.08600000000000001,0.139,11.5,0|0|0|0,0|540|180|360
escrs,Ford Escort RS Cosworth YBT,0.14,6800,850,0.0,0.14,0.0008,0.17,1.0,0.55,0.55,0.6,3.6,1.0,5.0,0.012,9e-05,0.16,90.0,280.0,96.0,3.61|2.08|1.36|1.0|0.83,3.62,1275.0,0.31,380.0,manual,0.5,1.8,0.026,1,False,0.7,0.0022,0.002,0.08,reflective,1.0,True,turbo,,1.1,0.0,0.55,0.18,0.5,False,True,False,0.0,2200.0,0.0,0.0,0.0,auto,-1.0,dohc,4,,port,False,fixed,False,stock,CW,,False,False,False,False,True,False,steel,400,0.3,0.5,0.0,4,1.994,0.0908,0.077,0.134,8.0,0|0|0|0,0|540|180|360
evo7,Mitsubishi Lancer Evolution VI GSR 4G63T 2.0 I4,0.18,7000,820,0.0,0.14,0.0008,0.22,1.0,0.75,0.5,0.72,2.6,0.66,5.0,0.012,9e-05,0.16,90.0,280.0,86.0,2.92|1.95|1.41|1.03|0.76,4.53,1400.0,0.31,480.0,manual,0.5,1.85,0.025,1,False,0.62,0.003,0.002,0.08,reflective,1.0,True,turbo,twin_scroll,1.0,0.0,0.55,0.12,0.5,False,False,False,0.0,2200.0,0.0,0.0,0.0,auto,-1.0,dohc,4,,port,False,fixed,False,stock,CW,,False,False,False,False,True,False,steel,400,0.3,0.5,0.0,4,1.997,0.085,0.088,0.15,8.8,0|0|0|0,0|540|180|360
f2007,Ferrari F2007 Tipo056 2.4 V8 F1,0.05,19000,4000,0.0,0.14,0.0008,0.16,1.0,0.55,0.85,0.55,3.6,1.0,6.0,0.012,4e-05,0.16,140.0,3800.0,152.0,3.0|2.3|1.85|1.5|1.25|1.05|0.9,4.0,605.0,0.33,600.0,dct,0.42,0.65,0.018,2,False,0.99,0.0006,0.002,0.08,absorptive,1.0,False,na,,0.0,0.0,0.6,0.12,0.5,False,False,False,0.0,2200.0,0.0,18500.0,0.0,auto,-1.0,dohc,4,,mech,False,fixed,False,race,CW,flat,False,False,False,False,False,True,titanium,400,0.3,0.5,0.38,8,2.399,0.098,0.03975,0.10200000000000001,13.0,-45|-45|-45|-45|45|45|45|45,0|540|180|360|450|270|630|90
f355,Ferrari F355 Berlinetta F129 3.5 V8,0.2,8500,950,0.0,0.14,0.0008,0.13,1.0,0.55,0.72,0.5,4.2,1.0,7.0,0.012,9e-05,0.16,160.0,280.0,100.0,3.21|2.1|1.52|1.16|0.92|0.77,4.19,1350.0,0.33,480.0,single,0.55,1.95,0.025,1,False,0.9,0.0018,0.002,0.08,absorptive,1.0,False,na,,0.0,0.0,0.6,0.12,0.5,False,False,False,0.0,2200.0,0.0,0.0,0.0,auto,-1.0,dohc,5,,port,False,fixed,False,hot,CW,flat,False,False,False,False,True,False,steel,400,0.3,0.5,0.0,8,3.495,0.085,0.077,0.124,11.1,-45|-45|-45|-45|45|45|45|45,0|540|180|360|90|630|270|450
f40,Ferrari F40 F120A 2.9TT V8,0.16,7750,950,0.0,0.22,0.0008,0.17,1.0,0.55,0.62,0.6,2.1,0.8,7.0,0.012,9e-05,0.16,160.0,280.0,98.0,2.92|2.1|1.57|1.25|1.04,3.42,1100.0,0.33,520.0,manual,0.55,1.9,0.026,2,False,0.85,0.0026,0.002,0.08,absorptive,1.0,False,turbo,,1.1,0.0,1.3,0.42,0.32,False,True,False,0.0,2200.0,0.0,0.0,0.0,auto,-1.0,dohc,4,,mech,False,fixed,False,stock,CW,flat,False,False,False,False,True,False,steel,400,0.3,0.5,0.0,8,2.936,0.082,0.0695,0.124,7.8,-45|-45|-45|-45|45|45|45|45,0|540|180|360|90|630|270|450
f450,Ford F-450 Power Stroke 6.7 TT V8 diesel,1.4,3500,650,0.0,0.14,0.0008,0.2,1.0,0.55,0.5,0.7,4.7,1.0,24.0,0.012,9e-05,0.16,700.0,240.0,48.0,3.97|2.32|1.52|1.15|0.86|0.69|0.63|0.45|0.39|0.32,3.55,4500.0,0.45,2200.0,at,0.7,2.8,0.04,2,False,0.6,0.012,0.002,0.08,reflective,1.0,False,turbo,,1.8,0.0,0.7,0.12,0.5,False,False,False,0.0,2200.0,0.0,0.0,0.0,auto,-1.0,ohv,4,,diesel,False,fixed,False,mild,CW,cross,False,False,False,False,False,False,steel,400,0.3,0.65,0.0,8,6.651,0.099,0.108,0.17500000000000002,16.2,-45|-45|-45|-45|45|45|45|45,0|630|450|180|90|360|540|270
f50gt,Ferrari F50 GT F130B 4.7 V12,0.18,10000,1000,0.0,0.14,0.0008,0.11,1.0,0.55,0.78,0.58,3.7,1.0,5.0,0.012,9e-05,0.16,90.0,280.0,140.0,2.9|2.05|1.6|1.3|1.08|0.9,3.5,1000.0,0.33,720.0,single,0.45,1.5,0.019,2,False,0.97,0.0007,0.002,0.08,absorptive,1.0,False,na,,0.0,0.0,0.6,0.12,0.5,False,False,False,0.0,2200.0,0.0,0.0,0.0,auto,-1.0,dohc,4,,mech,False,fixed,False,race,CW,,False,False,False,False,False,True,titanium,400,0.3,0.5,0.4,12,4.698,0.085,0.069,0.14,12.1,-32.5|-32.5|-32.5|-32.5|-32.5|-32.5|32.5|32.5|32.5|32.5|32.5|32.5,0|480|240|600|120|360|420|180|660|300|540|60
fd370z,Formula Drift Nissan 370Z VQ37 3.7 V6,0.15,7800,800,0.0,0.14,0.0008,0.13,1.0,0.55,0.66,0.62,3.5,1.0,5.0,0.012,9e-05,0.16,90.0,280.0,100.0,3.79|2.32|1.62|1.27|1.0|0.79,3.69,1400.0,0.33,480.0,manual,0.5,1.7,0.024,2,False,0.92,0.001,0.002,0.08,absorptive,1.0,False,na,,0.0,0.0,0.6,0.12,0.5,False,False,False,0.0,2200.0,0.0,0.0,0.0,auto,-1.0,dohc,4,CVTCS,port,False,fixed,False,hot,CW,,False,False,False,False,False,True,steel,400,0.3,0.5,0.2,6,3.696,0.0955,0.08600000000000001,0.147,11.0,-30|-30|-30|30|30|30,0|480|240|360|600|120
fdviper,Formula Drift Viper SRT10 8.4 V10,0.3,6800,800,0.0,0.14,0.0008,0.12,1.0,0.55,0.5,0.66,3.6,1.0,5.0,0.012,9e-05,0.16,90.0,280.0,60.0,2.66|1.78|1.3|1.0|0.74,4.1,1300.0,0.34,900.0,manual,0.5,1.6,0.026,2,False,0.96,0.0008,0.002,0.08,absorptive,1.0,False,na,,0.0,0.0,0.6,0.12,0.5,False,False,False,0.0,2200.0,0.0,0.0,0.0,auto,-1.0,ohv,2,,port,False,fixed,False,stock,CW,,False,False,False,False,False,True,steel,400,0.3,0.5,0.25,10,8.382,0.10300000000000001,0.1006,0.168,11.0,-45|-45|-45|-45|-45|45|45|45|45|45,0|288|432|576|144|72|360|504|648|216
fk8,Honda Civic Type-R FK8 K20C1,0.13,7000,800,0.0,0.14,0.0008,0.16,1.0,0.55,0.5,0.66,3.4,1.0,5.0,0.012,9e-05,0.16,90.0,280.0,92.0,3.63|2.12|1.53|1.13|0.92|0.74,4.11,1380.0,0.32,400.0,manual,0.48,1.9,0.026,1,False,0.66,0.0026,0.002,0.08,reflective,1.0,True,turbo,,1.1,0.0,0.35,0.12,0.5,False,False,False,0.0,2200.0,0.0,0.0,0.0,auto,-1.0,dohc,4,VTEC,direct,True,two-stage,True,hot,CCW,,False,False,False,False,True,False,steel,400,0.3,0.5,0.0,4,1.996,0.08600000000000001,0.0859,0.139,9.8,0|0|0|0,0|540|180|360
focus3,Ford Focus 1.0 EcoBoost I3,0.13,6500,800,0.0,0.14,0.0008,0.16,1.0,0.55,0.42,0.66,3.4,1.0,4.0,0.012,9e-05,0.16,120.0,280.0,92.0,3.58|1.93|1.28|0.95|0.76|0.62,4.06,1300.0,0.31,300.0,manual,0.45,1.8,0.024,1,False,0.6,0.003,0.002,0.08,reflective,1.0,True,turbo,,0.95,0.0,0.35,0.09,0.5,False,False,False,0.0,2200.0,0.0,0.0,0.0,auto,-1.0,dohc,4,Ti-VCT,direct,False,fixed,True,stock,CW,,False,False,False,False,True,False,steel,400,0.3,0.9,0.0,3,0.999,0.0719,0.082,0.135,10.0,0|0|0,0|240|480
fordgt,Ford GT EcoBoost 3.5TT V6,0.24,7000,820,0.0,0.14,0.0008,0.18,1.0,0.7,0.5,0.74,1.62,1.0,5.0,0.012,9e-05,0.16,90.0,280.0,84.0,3.66|2.43|1.69|1.32|1.0|0.79|0.64,3.61,1565.0,0.33,680.0,dct,0.52,2.0,0.026,2,False,0.66,0.0028,0.002,0.08,reflective,1.0,False,turbo,,1.2,0.0,0.4,0.12,0.5,False,False,False,0.0,2200.0,0.0,0.0,0.0,auto,-1.0,dohc,4,Ti-VCT,direct,False,fixed,True,stock,CW,,False,False,False,False,True,False,steel,400,0.3,0.5,0.0,6,3.496,0.0925,0.0867,0.152,9.5,-30|-30|-30|30|30|30,0|240|480|120|360|600
ftype,Jaguar F-Type R AJ133 5.0 SC V8,0.3,6800,700,0.0,0.14,0.0008,0.12,1.0,0.55,0.5,0.7,3.4,1.0,5.0,0.012,9e-05,0.16,90.0,280.0,82.0,4.71|3.14|2.11|1.67|1.29|1.0|0.84|0.67,3.31,1730.0,0.34,750.0,at,0.55,2.0,0.028,2,False,0.88,0.0022,0.002,0.08,absorptive,1.0,False,roots,,0.8,9.0,0.6,0.12,0.5,True,False,False,0.0,2200.0,0.0,0.0,0.0,auto,-1.0,dohc,4,VVT,direct,False,fixed,False,stock,CW,cross,False,False,False,False,True,False,steel,400,0.3,0.5,0.0,8,5.0,0.0925,0.093,0.152,9.5,-45|-45|-45|-45|45|45|45|45,0|630|450|180|90|360|540|270
funco,Funco F9 LS 6.2 V8 buggy,0.28,7000,720,0.0,0.14,0.0008,0.12,1.0,0.55,0.5,0.66,3.5,1.0,5.0,0.012,9e-05,0.16,90.0,280.0,62.0,2.48|1.48|1.0,4.86,1450.0,0.46,720.0,manual,0.5,1.5,0.028,2,False,0.95,0.0008,0.002,0.08,absorptive,1.0,False,na,,0.0,0.0,0.6,0.12,0.5,False,False,False,0.0,2200.0,0.0,0.0,0.0,auto,-1.0,ohv,2,,port,False,fixed,False,stock,CW,cross,False,False,False,False,False,False,steel,400,0.3,0.5,0.0,8,6.162,0.10325000000000001,0.092,0.154,11.0,-45|-45|-45|-45|45|45|45|45,0|630|450|180|90|360|540|270
fxxk,Ferrari FXX-K F140 6.3 V12 hybrid,0.24,9200,950,0.0,0.14,0.0008,0.12,1.0,0.55,0.76,0.6,3.7,1.0,5.0,0.012,9e-05,0.16,90.0,280.0,112.0,3.08|2.19|1.63|1.29|1.03|0.84|0.69,3.7,1255.0,0.34,760.0,dct,0.55,1.7,0.021,2,False,0.94,0.0009,0.002,0.08,absorptive,1.0,False,na,,0.0,0.0,0.6,0.12,0.5,False,False,False,140.0,3000.0,0.0,0.0,0.0,auto,-1.0,dohc,4,VVT,direct,False,fixed,False,race,CW,,False,False,False,False,False,True,titanium,400,0.3,0.5,0.45,12,6.262,0.094,0.0752,0.147,13.5,-32.5|-32.5|-32.5|-32.5|-32.5|-32.5|32.5|32.5|32.5|32.5|32.5|32.5,0|480|240|600|120|360|420|180|660|300|540|60
gdb,Subaru Impreza WRX STi GDB-C EJ207,0.18,8000,820,0.0,0.14,0.0008,0.17,1.0,0.55,0.5,0.7,4.2,0.47,5.0,0.012,9e-05,0.16,90.0,280.0,72.0,3.45|2.06|1.45|1.09|0.82|0.65,4.44,1330.0,0.31,480.0,manual,0.5,1.9,0.025,2,False,0.62,0.003,0.002,0.08,absorptive,1.0,True,turbo,,1.0,0.0,0.45,0.12,0.5,False,True,False,0.0,2200.0,0.0,0.0,28.0,auto,-1.0,dohc,4,AVCS,port,False,fixed,False,stock,CW,,False,False,False,False,True,False,steel,400,0.3,0.5,0.0,4,1.994,0.092,0.075,0.131,8.0,-90|-90|90|90,0|360|180|540
giulia,Alfa Romeo Giulia QV 690T 2.9TT V6,0.18,7200,800,0.0,0.14,0.0008,0.16,1.0,0.55,0.5,0.66,3.0,0.52,5.0,0.012,9e-05,0.16,90.0,280.0,104.0,4.71|3.14|2.11|1.67|1.29|1.0|0.84|0.67,3.09,1620.0,0.33,650.0,at,0.5,1.9,0.024,2,False,0.84,0.0018,0.002,0.08,absorptive,1.0,False,turbo,,1.3,0.0,0.3,0.12,0.5,False,False,False,0.0,2200.0,0.0,0.0,0.0,auto,-1.0,dohc,4,dual VVT,direct,False,fixed,True,stock,CW,,False,False,False,False,True,False,titanium,400,0.3,0.7,0.3,6,2.891,0.08650000000000001,0.082,0.145,9.3,-45|-45|-45|45|45|45,0|480|240|360|600|120
golfvr6,Volkswagen Golf VR6 (MK3) AAA 2.8 VR6,0.2,6500,780,0.0,0.14,0.0008,0.15,1.0,0.55,0.55,0.5,3.3,1.0,5.0,0.012,9e-05,0.16,90.0,280.0,82.0,3.78|2.12|1.46|1.03|0.84,3.39,1280.0,0.31,360.0,manual,0.5,1.9,0.026,1,False,0.72,0.0026,0.002,0.08,reflective,1.0,False,na,,0.0,0.0,0.6,0.12,0.5,False,False,False,0.0,2200.0,0.0,0.0,12.0,auto,-1.0,dohc,4,,port,False,fixed,False,stock,CW,,False,False,False,False,True,False,steel,400,0.3,0.75,0.0,6,2.792,0.081,0.0903,0.164,10.0,-7.5|-7.5|-7.5|7.5|7.5|7.5,0|480|240|600|120|360
gt2rs,Porsche 911 GT2 RS (991.2) 3.8TT flat-6,0.18,7200,900,0.0,0.14,0.0008,0.15,1.0,0.55,0.5,0.66,3.2,0.49,5.0,0.012,9e-05,0.16,90.0,280.0,82.0,3.91|2.32|1.61|1.28|1.08|0.88|0.74,3.97,1470.0,0.33,700.0,dct,0.5,2.0,0.027,2,False,0.7,0.0018,0.002,0.08,reflective,1.0,False,turbo,,1.55,0.0,0.3,0.12,0.5,False,False,False,0.0,2200.0,0.0,0.0,10.0,auto,-1.0,dohc,4,VarioCam,direct,False,two-stage,False,stock,CW,,False,False,False,False,True,False,steel,400,0.3,0.5,0.0,6,3.8,0.10200000000000001,0.0775,0.127,9.0,-90|-90|-90|90|90|90,0|240|480|360|600|120
gt3,Porsche 911 GT3 (992) 9A1 4.0 flat-6,0.17,9000,900,0.0,0.14,0.0008,0.12,1.0,0.55,0.72,0.5,4.2,1.0,7.0,0.012,9e-05,0.16,170.0,280.0,80.0,3.91|2.29|1.65|1.3|1.08|0.88|0.62,3.97,1435.0,0.34,560.0,dct,0.5,1.9,0.026,2,False,0.83,0.002,0.002,0.08,absorptive,1.0,False,na,,0.0,0.0,0.6,0.12,0.5,False,False,False,0.0,2200.0,0.0,0.0,13.0,auto,-1.0,dohc,4,VarioCam,port,False,two-stage,False,race,CW,,False,False,False,False,True,False,titanium,200,0.3,0.85,0.0,6,3.996,0.10200000000000001,0.0815,0.128,13.3,-90|-90|-90|90|90|90,0|240|480|360|600|120
gt350r,Ford Shelby GT350R Voodoo 5.2 V8,0.24,8250,750,0.0,0.14,0.0008,0.13,1.0,0.55,0.72,0.6,3.5,1.0,5.0,0.012,9e-05,0.16,90.0,280.0,104.0,3.24|2.19|1.65|1.29|1.0|0.83,3.73,1650.0,0.34,640.0,manual,0.55,2.0,0.025,2,False,0.86,0.0016,0.002,0.08,absorptive,1.0,False,na,,0.0,0.0,0.6,0.12,0.5,False,False,False,0.0,2200.0,0.0,0.0,0.0,auto,-1.0,dohc,4,Ti-VCT,direct,False,fixed,False,hot,CW,flat,False,False,False,False,True,False,steel,400,0.3,0.5,0.25,8,5.163,0.094,0.093,0.15,12.0,-45|-45|-45|-45|45|45|45|45,0|540|180|360|450|270|630|90
gt40,Ford GT40 MK2 427 7.0 V8,0.34,6500,750,0.0,0.14,0.0008,0.12,1.0,0.55,0.5,0.66,3.5,1.0,5.0,0.012,9e-05,0.16,90.0,280.0,60.0,2.36|1.62|1.27|1.0,3.09,1180.0,0.33,680.0,manual,0.55,1.7,0.03,2,False,0.92,0.001,0.002,0.08,absorptive,1.0,False,na,,0.0,0.0,0.6,0.12,0.5,False,False,False,0.0,2200.0,0.0,0.0,0.0,auto,-1.0,ohv,2,,carb,False,fixed,False,stock,CW,cross,False,False,False,False,False,True,steel,400,0.3,0.5,0.0,8,6.958,0.10740000000000001,0.096,0.16,10.5,-45|-45|-45|-45|45|45|45|45,0|630|450|180|90|360|540|270
gt500,Ford Shelby GT500 Predator 5.2 SC V8,0.3,7500,720,0.0,0.14,0.0008,0.15,1.0,0.55,0.5,0.7,3.2,0.49,5.0,0.012,9e-05,0.16,90.0,280.0,70.0,3.24|2.19|1.65|1.29|1.0|0.83|0.66,3.73,1800.0,0.34,900.0,dct,0.58,2.1,0.029,2,False,0.78,0.0024,0.002,0.08,reflective,1.0,False,roots,,0.9,9.0,0.6,0.12,0.5,False,False,False,0.0,2200.0,0.0,0.0,0.0,auto,-1.0,dohc,4,Ti-VCT,direct,False,fixed,False,stock,CW,cross,False,False,False,False,True,False,steel,400,0.3,0.5,0.0,8,5.163,0.094,0.093,0.15,9.5,-45|-45|-45|-45|45|45|45|45,0|630|450|180|90|360|540|270
gts,Maserati GranTurismo S F136 4.7 V8,0.26,7500,850,0.0,0.14,0.0008,0.12,1.0,0.55,0.7,0.62,3.6,1.0,5.0,0.012,9e-05,0.16,90.0,280.0,64.0,4.06|2.4|1.61|1.16|0.86|0.69,3.73,1880.0,0.34,620.0,single,0.6,2.1,0.026,2,False,0.84,0.0022,0.002,0.08,absorptive,1.0,False,na,,0.0,0.0,0.6,0.12,0.5,False,False,False,0.0,2200.0,0.0,0.0,0.0,auto,-1.0,dohc,4,VVT,port,False,fixed,False,stock,CW,cross,False,False,False,False,True,False,steel,400,0.3,0.5,0.18,8,4.691,0.094,0.0845,0.14100000000000001,11.3,-45|-45|-45|-45|45|45|45|45,0|270|450|540|630|180|360|90
gv,Subaru WRX STi GV EJ257,0.2,6700,800,0.0,0.14,0.0008,0.17,1.0,0.55,0.5,0.72,4.2,1.0,5.0,0.012,9e-05,0.16,90.0,280.0,70.0,3.64|2.24|1.59|1.14|0.89|0.71,3.9,1505.0,0.32,520.0,manual,0.55,2.0,0.026,2,False,0.58,0.0035,0.002,0.08,reflective,1.0,True,turbo,twin_scroll,0.95,0.0,0.5,0.12,0.5,False,True,False,0.0,2200.0,0.0,0.0,30.0,auto,-1.0,dohc,4,AVCS,port,False,fixed,False,stock,CW,,False,False,False,False,True,False,steel,400,0.3,0.5,0.0,4,2.457,0.0995,0.079,0.1315,8.2,-90|-90|90|90,0|360|180|540
hoonitruck,Hoonigan Hoonitruck 3.5 EcoBoost TT V6,0.2,7000,900,0.0,0.14,0.0008,0.16,1.0,0.55,0.5,0.66,3.5,1.0,5.0,0.012,9e-05,0.16,90.0,280.0,88.0,2.6|1.85|1.4|1.1|0.9,3.73,1600.0,0.36,900.0,manual,0.5,1.7,0.027,2,False,0.9,0.0009,0.002,0.08,absorptive,1.0,False,turbo,,2.4,0.0,0.4,0.14,0.5,True,True,False,0.0,2200.0,0.0,0.0,0.0,auto,-1.0,dohc,4,Ti-VCT,direct,False,fixed,True,stock,CW,,False,False,False,False,False,True,steel,400,0.3,0.5,0.0,6,3.496,0.0925,0.0867,0.152,9.0,-30|-30|-30|30|30|30,0|480|240|360|600|120
hoonrs,Hoonigan Ford RS200 Evolution BDT-E (anti-lag),0.12,8200,1000,0.0,0.14,0.0008,0.18,1.0,0.55,0.62,0.55,3.7,1.0,5.0,0.012,9e-05,0.16,90.0,280.0,110.0,2.5|1.8|1.35|1.05|0.85,4.2,1180.0,0.31,520.0,manual,0.42,1.5,0.027,1,False,0.9,0.0009,0.002,0.08,absorptive,1.0,True,turbo,,2.6,0.0,0.5,0.18,0.5,True,True,False,0.0,2200.0,0.0,0.0,0.0,auto,-1.0,dohc,4,,port,False,fixed,False,stock,CW,,False,False,False,False,False,True,steel,400,0.3,0.5,0.0,4,1.959,0.09,0.077,0.137,7.2,0|0|0|0,0|540|180|360
hura,Lamborghini Huracan LP610-4 5.2 V10,0.21,8500,950,0.0,0.14,0.0008,0.15,1.0,0.55,0.7,0.62,3.7,1.0,8.0,0.012,6e-05,0.16,180.0,280.0,112.0,3.13|2.41|1.81|1.46|1.19|0.97|0.84,4.77,1422.0,0.34,620.0,dct,0.6,2.0,0.025,1,False,0.9,0.0018,0.002,0.08,absorptive,1.0,False,na,,0.0,0.0,0.6,0.12,0.5,False,False,False,0.0,2200.0,0.0,0.0,0.0,auto,-1.0,dohc,4,VVT,direct,False,fixed,False,hot,CW,,False,False,False,False,True,False,steel,400,0.3,0.5,0.0,10,5.204,0.0845,0.0928,0.15,12.7,-45|-45|-45|-45|-45|45|45|45|45|45,0|288|432|576|144|72|360|504|648|216
ironknight,Volvo Iron Knight D13 12.8 TT diesel I6,2.4,2500,560,0.0,0.14,0.0008,0.2,1.0,0.55,0.5,0.72,5.0,1.0,30.0,0.012,9e-05,0.16,1100.0,200.0,44.0,6.0|4.3|3.1|2.3|1.7|1.25|1.0|0.78,2.6,4500.0,0.52,5000.0,manual,0.85,2.4,0.046,1,False,0.85,0.008,0.002,0.08,absorptive,1.0,False,turbo,,3.0,0.0,0.6,0.12,0.5,False,False,False,0.0,2200.0,0.0,0.0,0.0,auto,-1.0,ohv,4,,diesel,False,fixed,False,mild,CW,,False,False,False,False,False,False,steel,400,0.3,0.7,0.0,6,12.777,0.131,0.158,0.255,17.0,0|0|0|0|0|0,0|480|240|600|120|360
lafe,Ferrari LaFerrari F140FE 6.3 V12,0.26,9000,950,0.0,0.14,0.0008,0.14,1.0,0.55,0.74,0.6,3.7,1.0,10.0,0.012,9e-05,0.16,200.0,280.0,70.0,3.08|2.19|1.63|1.29|1.03|0.84|0.69,3.71,1585.0,0.34,750.0,dct,0.62,2.1,0.026,2,False,0.92,0.0021,0.002,0.08,absorptive,1.0,False,na,,0.0,0.0,0.6,0.12,0.5,False,False,False,0.0,2200.0,0.0,0.0,0.0,auto,-1.0,dohc,4,VVT,dual,False,fixed,False,race,CW,,False,False,False,False,True,False,titanium,400,0.3,0.7,0.5,12,6.262,0.094,0.0752,0.147,13.5,-32.5|-32.5|-32.5|-32.5|-32.5|-32.5|32.5|32.5|32.5|32.5|32.5|32.5,0|480|240|600|120|360|420|180|660|300|540|60
m3gtr,BMW M3 GTR E46 P60B40 4.0 V8,0.2,8000,950,0.0,0.14,0.0008,0.14,1.0,0.55,0.66,0.5,4.4,1.0,8.0,0.012,9e-05,0.16,180.0,280.0,78.0,3.23|2.19|1.65|1.3|1.05|0.85,3.62,1350.0,0.33,600.0,single,0.55,1.95,0.026,2,False,0.9,0.0016,0.002,0.08,absorptive,1.0,False,na,,0.0,0.0,0.6,0.12,0.5,False,False,False,0.0,2200.0,0.0,0.0,0.0,auto,-1.0,dohc,4,double-VANOS,port,False,fixed,False,hot,CW,flat,False,False,False,False,False,True,steel,400,0.3,0.5,0.0,8,3.997,0.094,0.07200000000000001,0.139,11.5,-45|-45|-45|-45|45|45|45|45,0|540|180|360|90|630|270|450
merlin,Supermarine Spitfire RR Merlin 27L V12,3.2,3000,550,0.0,0.14,0.0008,0.16,1.0,0.55,0.7,0.72,3.6,1.0,22.0,0.012,9e-05,0.16,700.0,140.0,52.0,1.0,0.42,3000.0,0.55,2500.0,aircraft,0.32,0.55,0.04,2,False,0.97,0.0008,0.002,0.08,absorptive,1.0,False,centrifugal,,0.6,8.5,0.6,0.12,0.5,False,False,False,0.0,2200.0,0.0,0.0,0.0,auto,-1.0,sohc,4,,port,False,fixed,False,mild,CW,,False,False,False,False,False,False,steel,400,0.3,0.6,0.35,12,26.888,0.137,0.152,0.28,6.0,-30|-30|-30|-30|-30|-30|30|30|30|30|30|30,0|480|240|600|120|360|300|60|540|180|420|660
mf1,McLaren F1 BMW S70/2 6.1 V12,0.24,7500,850,0.0,0.14,0.0008,0.13,1.0,0.55,0.7,0.5,4.15,1.0,10.0,0.012,9e-05,0.16,200.0,280.0,72.0,2.83|1.96|1.52|1.2|0.96|0.74,2.37,1140.0,0.33,620.0,manual,0.58,2.05,0.026,2,False,0.9,0.0018,0.002,0.08,absorptive,1.0,False,na,,0.0,0.0,0.6,0.12,0.5,False,False,False,0.0,2200.0,0.0,0.0,0.0,auto,-1.0,dohc,4,,mech,False,fixed,False,stock,CW,,False,False,False,False,True,False,titanium,200,0.3,0.5,0.0,12,6.064,0.08600000000000001,0.08700000000000001,0.145,11.0,-30|-30|-30|-30|-30|-30|30|30|30|30|30|30,0|480|240|600|120|360|60|540|300|660|180|420
mp44,McLaren MP4/4 Honda RA168E 1.5 V6 turbo,0.11,12500,3500,0.0,0.14,0.0008,0.16,1.0,0.55,0.8,0.6,3.5,1.0,6.0,0.012,9e-05,0.16,140.0,3300.0,130.0,2.9|2.2|1.8|1.5|1.3|1.1,4.0,540.0,0.33,550.0,manual,0.4,0.7,0.022,2,False,0.9,0.001,0.002,0.08,absorptive,1.0,True,turbo,,2.6,0.0,0.4,0.16,0.5,False,False,False,0.0,2200.0,0.0,11800.0,0.0,auto,-1.0,dohc,4,,mech,False,fixed,False,race,CW,,False,False,False,False,False,True,titanium,400,0.3,0.5,0.3,6,1.494,0.079,0.0508,0.1,9.0,-40|-40|-40|40|40|40,0|480|240|360|600|120
nsx,Honda NSX NA1 C30A 3.0 V6,0.18,8000,800,0.0,0.14,0.0008,0.14,1.0,0.55,0.7,0.5,4.1,1.0,6.0,0.012,9e-05,0.16,150.0,280.0,92.0,3.07|1.96|1.39|1.03|0.79,4.06,1370.0,0.33,420.0,manual,0.52,1.95,0.025,2,False,0.82,0.0022,0.002,0.08,absorptive,1.0,False,na,,0.0,0.0,0.6,0.12,0.5,False,False,False,0.0,2200.0,0.0,0.0,0.0,auto,-1.0,dohc,4,VTEC,port,False,two-stage,False,hot,CCW,,False,False,False,False,True,False,steel,400,0.3,0.5,0.0,6,2.977,0.09,0.078,0.14100000000000001,10.2,-45|-45|-45|45|45|45,0|240|480|120|360|600
one1,Koenigsegg One:1 5.0TT V8,0.24,8250,850,0.0,0.14,0.0008,0.13,1.0,0.55,0.7,0.62,3.4,0.5,5.0,0.012,9e-05,0.16,90.0,280.0,98.0,2.85|1.99|1.5|1.18|0.96|0.79|0.66,3.36,1360.0,0.34,900.0,dct,0.5,1.8,0.024,2,False,0.86,0.0014,0.002,0.08,absorptive,1.0,False,turbo,,1.5,0.0,0.3,0.12,0.5,False,False,False,0.0,2200.0,0.0,0.0,0.0,auto,-1.0,dohc,4,VVT,direct,False,fixed,False,stock,CW,flat,False,False,False,False,True,False,titanium,400,0.3,0.5,0.25,8,5.065,0.092,0.09525,0.154,9.5,-45|-45|-45|-45|45|45|45|45,0|540|180|360|450|270|630|90
p1,McLaren P1 M838TQ 3.8TT V8 hybrid,0.22,8500,900,0.0,0.14,0.0008,0.15,1.0,0.7,0.5,0.72,1.4,1.0,5.0,0.012,9e-05,0.16,90.0,280.0,88.0,3.61|2.37|1.7|1.3|1.03|0.84|0.69,3.31,1490.0,0.34,1200.0,dct,0.5,1.9,0.025,2,True,0.84,0.0018,0.002,0.08,absorptive,1.0,False,turbo,,1.2,0.0,0.35,0.12,0.5,False,False,False,133.0,2500.0,0.0,0.0,0.0,auto,-1.0,dohc,4,VVT,direct,False,fixed,False,stock,CW,flat,False,False,False,False,True,False,steel,400,0.3,0.5,0.0,8,3.799,0.093,0.0699,0.127,9.5,-45|-45|-45|-45|45|45|45|45,0|540|180|360|90|630|270|450
p205,Peugeot 205 Turbo 16 XU8T,0.12,7800,950,0.0,0.14,0.0008,0.18,1.0,0.55,0.6,0.55,3.6,1.0,5.0,0.012,9e-05,0.16,90.0,280.0,108.0,2.92|1.92|1.4|1.07|0.85,4.6,1145.0,0.31,420.0,manual,0.45,1.6,0.026,1,False,0.86,0.0012,0.002,0.08,absorptive,1.0,True,turbo,,1.6,0.0,0.55,0.2,0.5,True,True,False,0.0,2200.0,0.0,0.0,0.0,auto,-1.0,dohc,4,,port,False,fixed,False,stock,CW,,False,False,False,False,False,True,steel,400,0.3,0.5,0.0,4,1.775,0.083,0.082,0.138,7.5,0|0|0|0,0|540|180|360
pete,Peterbilt 389 Cummins X15 15L diesel I6,2.4,2100,600,0.0,0.14,0.0008,0.2,1.0,0.55,0.5,0.7,4.8,1.0,34.0,0.012,9e-05,0.16,1100.0,180.0,44.0,12.8|9.0|6.5|4.7|3.4|2.5|1.8|1.35|1.0|0.74,3.55,15000.0,0.5,3200.0,manual,0.9,3.2,0.046,1,False,0.62,0.02,0.002,0.08,reflective,1.0,False,turbo,,1.7,0.0,0.9,0.08,0.5,False,False,False,0.0,2200.0,0.0,0.0,0.0,auto,-1.0,ohv,4,,diesel,False,fixed,False,mild,CW,,False,False,False,False,False,False,steel,400,0.3,0.7,0.0,6,14.948,0.137,0.169,0.262,17.0,0|0|0|0|0|0,0|480|240|600|120|360
pista,Ferrari 488 Pista F154 3.9TT V8,0.18,8000,850,0.0,0.14,0.0008,0.13,1.0,0.55,0.72,0.6,3.3,0.49,5.0,0.012,9e-05,0.16,90.0,280.0,112.0,3.08|2.19|1.63|1.29|1.03|0.84|0.69,3.7,1385.0,0.34,720.0,dct,0.48,1.8,0.022,2,True,0.86,0.0012,0.002,0.08,absorptive,1.0,False,turbo,,1.3,0.0,0.22,0.12,0.5,False,False,False,0.0,2200.0,0.0,0.0,0.0,auto,-1.0,dohc,4,VVT,direct,False,fixed,False,hot,CW,flat,False,False,False,False,True,False,titanium,400,0.3,0.5,0.38,8,3.902,0.08650000000000001,0.083,0.152,9.45,-45|-45|-45|-45|45|45|45|45,0|540|180|360|450|270|630|90
pro2,RJ Anderson Pro 2 race 6.2 V8,0.24,7600,900,0.0,0.14,0.0008,0.11,1.0,0.55,0.7,0.6,3.6,1.0,5.0,0.012,9e-05,0.16,90.0,280.0,68.0,2.6|1.85|1.4|1.1|0.9,4.5,1450.0,0.46,720.0,manual,0.45,1.4,0.024,2,False,0.97,0.0006,0.002,0.08,absorptive,1.0,False,na,,0.0,0.0,0.6,0.12,0.5,False,False,False,0.0,2200.0,0.0,0.0,0.0,auto,-1.0,ohv,2,,port,False,fixed,False,stock,CW,cross,False,False,False,False,False,True,steel,400,0.3,0.5,0.2,8,5.866,0.10300000000000001,0.088,0.152,12.0,-45|-45|-45|-45|45|45|45|45,0|630|450|180|90|360|540|270
r34,Nissan Skyline GT-R R34 RB26DETT 2.6 I6,0.24,8000,850,0.0,0.14,0.0008,0.16,1.0,0.55,0.5,0.74,1.42,1.0,5.0,0.012,9e-05,0.16,90.0,280.0,90.0,3.83|2.36|1.69|1.31|1.0|0.79,3.55,1560.0,0.32,550.0,manual,0.5,2.0,0.026,1,False,0.66,0.0028,0.002,0.08,absorptive,1.0,True,turbo,twin,0.95,0.0,0.5,0.12,0.5,False,False,False,0.0,2200.0,0.0,0.0,0.0,auto,-1.0,dohc,4,,port,False,fixed,False,stock,CW,,False,False,False,False,True,False,steel,400,0.3,0.5,0.0,6,2.569,0.08600000000000001,0.0737,0.139,8.5,0|0|0|0|0|0,0|480|240|600|120|360
r35,Nissan GT-R R35 VR38DETT 3.8 V6,0.28,7000,800,0.0,0.14,0.0008,0.16,1.0,0.55,0.5,0.74,1.66,1.0,5.0,0.012,9e-05,0.16,90.0,280.0,80.0,4.06|2.3|1.6|1.25|1.0|0.8,3.7,1740.0,0.34,720.0,dct,0.55,2.0,0.027,2,False,0.62,0.0032,0.002,0.08,reflective,1.0,False,turbo,,1.0,0.0,0.4,0.12,0.5,False,False,False,0.0,2200.0,0.0,0.0,0.0,auto,-1.0,dohc,4,CVTCS,direct,False,fixed,False,stock,CW,,False,False,False,False,True,False,steel,400,0.3,0.5,0.0,6,3.799,0.0955,0.0884,0.151,9.0,-30|-30|-30|30|30|30,0|240|480|120|360|600
r390,Nissan R390 GT1 VRH35 3.5TT V8,0.16,8000,1000,0.0,0.14,0.0008,0.12,1.0,0.55,0.74,0.58,3.5,1.0,5.0,0.012,9e-05,0.16,90.0,280.0,110.0,2.6|1.85|1.45|1.2|1.0|0.85,3.3,1100.0,0.33,680.0,single,0.45,1.5,0.021,2,False,0.94,0.0008,0.002,0.08,absorptive,1.0,False,turbo,,1.3,0.0,0.3,0.12,0.5,False,False,False,0.0,2200.0,0.0,0.0,0.0,auto,-1.0,dohc,4,,mech,False,fixed,False,race,CW,cross,False,False,False,False,False,True,titanium,400,0.3,0.5,0.3,8,3.495,0.085,0.077,0.145,9.0,-45|-45|-45|-45|45|45|45|45,0|540|180|360|450|270|630|90
raptor,Ford F-150 Raptor 3.5 EcoBoost TT V6,0.3,6000,650,0.0,0.14,0.0008,0.17,1.0,0.55,0.5,0.7,3.2,1.0,5.0,0.012,9e-05,0.16,90.0,280.0,76.0,4.69|3.31|2.1|1.52|1.14|0.86|0.69|0.64|0.55|0.43,3.55,2540.0,0.42,900.0,at,0.6,2.4,0.03,2,False,0.6,0.005,0.002,0.08,reflective,1.0,False,turbo,,1.0,0.0,0.35,0.12,0.5,False,False,False,0.0,2200.0,0.0,0.0,0.0,auto,-1.0,dohc,4,Ti-VCT,direct,False,fixed,True,stock,CW,,False,False,False,False,True,False,steel,400,0.3,0.5,0.0,6,3.496,0.0925,0.0867,0.152,10.0,-30|-30|-30|30|30|30,0|480|240|360|600|120
rs200,Ford RS200 Evolution BDT-E,0.12,8000,1000,0.0,0.14,0.0008,0.18,1.0,0.55,0.62,0.55,3.7,1.0,5.0,0.012,9e-05,0.16,90.0,280.0,110.0,2.5|1.8|1.35|1.05|0.85,4.2,1180.0,0.31,520.0,manual,0.42,1.5,0.027,1,False,0.9,0.0009,0.002,0.08,absorptive,1.0,True,turbo,,2.0,0.0,0.5,0.18,0.5,True,True,False,0.0,2200.0,0.0,0.0,0.0,auto,-1.0,dohc,4,,port,False,fixed,False,stock,CW,,False,False,False,False,False,True,steel,400,0.3,0.5,0.0,4,1.959,0.09,0.077,0.137,7.2,0|0|0|0,0|540|180|360
rs3,Audi RS3 EA855 2.5 I5,0.2,7000,820,0.0,0.14,0.0008,0.22,1.0,0.72,0.5,0.74,1.7,1.0,5.0,0.012,9e-05,0.16,90.0,280.0,84.0,3.56|2.53|1.68|1.22|0.96|0.79|0.64,4.27,1570.0,0.33,600.0,dct,0.5,1.95,0.026,1,False,0.66,0.0028,0.002,0.08,reflective,1.0,True,turbo,,1.3,0.0,0.4,0.12,0.5,False,False,False,0.0,2200.0,0.0,0.0,0.0,auto,-1.0,dohc,4,AVS,direct,False,two-stage,False,stock,CW,,False,False,False,True,True,False,steel,400,0.3,0.5,0.0,5,2.48,0.0825,0.0928,0.151,10.0,0|0|0|0|0,0|144|576|288|432
rs5,Audi RS5 EA839 2.9TT V6,0.26,7000,780,0.0,0.14,0.0008,0.16,1.0,0.55,0.5,0.74,1.34,1.0,5.0,0.012,9e-05,0.16,90.0,280.0,82.0,4.71|3.14|2.11|1.67|1.29|1.0|0.84|0.67,3.2,1730.0,0.33,640.0,at,0.52,2.0,0.026,2,True,0.6,0.0032,0.002,0.08,reflective,1.0,False,turbo,,1.2,0.0,0.35,0.12,0.5,False,False,False,0.0,2200.0,0.0,0.0,0.0,auto,-1.0,dohc,4,AVS,direct,False,two-stage,False,stock,CW,,False,False,False,True,True,False,steel,400,0.3,0.5,0.0,6,2.894,0.0845,0.08600000000000001,0.15,10.5,-45|-45|-45|45|45|45,0|240|480|120|360|600
rtr,Ford Mustang RTR Coyote 5.0 V8,0.26,7500,720,0.0,0.14,0.0008,0.13,1.0,0.55,0.66,0.66,3.5,1.0,5.0,0.012,9e-05,0.16,90.0,280.0,64.0,3.66|2.43|1.69|1.32|1.0|0.65,3.73,1650.0,0.34,620.0,manual,0.56,1.8,0.028,2,False,0.9,0.0014,0.002,0.08,absorptive,1.0,False,na,,0.0,0.0,0.6,0.12,0.5,False,False,False,0.0,2200.0,0.0,0.0,0.0,auto,-1.0,dohc,4,Ti-VCT,dual,False,fixed,False,stock,CW,cross,False,False,False,False,False,False,steel,400,0.3,0.5,0.0,8,5.038,0.093,0.0927,0.151,11.0,-45|-45|-45|-45|45|45|45|45,0|630|450|180|90|360|540|270
rx7,Mazda RX-7 FD3S 13B-REW rotary,0.13,8000,850,0.0,0.14,0.0008,0.16,1.0,0.55,0.72,0.7,4.6,1.0,5.0,0.012,9e-05,0.16,90.0,280.0,120.0,3.48|2.02|1.39|1.0|0.72,4.1,1310.0,0.31,420.0,manual,0.45,1.7,0.024,1,False,0.9,0.002,0.002,0.08,absorptive,1.0,True,turbo,sequential,0.8,0.0,0.45,0.12,0.5,False,False,False,0.0,2200.0,0.0,0.0,0.0,auto,-1.0,dohc,4,,port,False,fixed,False,stock,CW,,True,False,False,False,True,False,steel,400,0.3,0.5,0.0,4,1.232,0.07,0.08,0.12,9.0,0|0|0|0,0|180|360|540
rx7fc,Mazda Savanna RX-7 FC3S 13B-T,0.14,7000,850,0.0,0.14,0.0008,0.17,1.0,0.55,0.7,0.5,4.4,1.0,5.0,0.012,9e-05,0.16,90.0,280.0,112.0,3.48|2.02|1.39|1.0|0.76,4.1,1260.0,0.3,380.0,manual,0.45,1.8,0.025,1,False,0.78,0.0028,0.002,0.08,reflective,1.0,True,turbo,,0.7,0.0,0.5,0.12,0.5,False,False,False,0.0,2200.0,0.0,0.0,0.0,auto,-1.0,dohc,4,,port,False,fixed,False,stock,CW,,True,False,False,False,True,False,steel,400,0.3,0.5,0.0,4,1.232,0.07,0.08,0.12,8.5,0|0|0|0,0|180|360|540
s1,Audi Sport Quattro S1 EA827 2.1 I5,0.18,8000,950,0.0,0.14,0.0008,0.24,1.0,0.72,0.5,0.72,2.2,1.0,6.0,0.012,9e-05,0.16,150.0,280.0,88.0,3.6|2.12|1.46|1.09|0.86,4.1,1200.0,0.32,520.0,manual,0.5,1.9,0.026,1,False,0.7,0.0022,0.002,0.08,absorptive,1.0,True,turbo,,1.6,0.0,0.7,0.18,0.4,True,True,False,0.0,2200.0,0.0,0.0,0.0,auto,-1.0,dohc,4,,port,False,fixed,False,stock,CW,,False,False,False,False,False,True,steel,400,0.3,0.5,0.0,5,2.144,0.0795,0.0864,0.14400000000000002,7.0,0|0|0|0|0,0|144|576|288|432
s15,Nissan Silvia Spec-R S15 SR20DET,0.13,7500,800,0.0,0.14,0.0008,0.16,1.0,0.55,0.55,0.62,3.5,1.0,5.0,0.012,9e-05,0.16,90.0,280.0,94.0,3.63|2.18|1.54|1.18|1.0|0.79,4.08,1240.0,0.31,360.0,manual,0.5,1.85,0.026,1,False,0.74,0.0024,0.002,0.08,reflective,1.0,True,turbo,,0.9,0.0,0.5,0.12,0.5,False,True,False,0.0,2200.0,0.0,0.0,0.0,auto,-1.0,dohc,4,VVT,port,False,fixed,False,stock,CW,,False,False,False,False,True,False,steel,400,0.3,0.5,0.0,4,1.998,0.08600000000000001,0.08600000000000001,0.1363,8.5,0|0|0|0,0|540|180|360
senna,McLaren Senna M840TR 4.0TT V8,0.18,8200,850,0.0,0.14,0.0008,0.13,1.0,0.55,0.72,0.6,3.3,0.5,5.0,0.012,9e-05,0.16,90.0,280.0,110.0,3.0|2.19|1.69|1.37|1.14|0.95|0.79,3.31,1300.0,0.34,720.0,dct,0.45,1.6,0.022,2,True,0.84,0.0011,0.002,0.08,absorptive,1.0,False,turbo,,1.35,0.0,0.22,0.12,0.5,False,False,False,0.0,2200.0,0.0,0.0,0.0,auto,-1.0,dohc,4,VVT,direct,False,fixed,False,stock,CW,flat,False,False,False,False,True,False,titanium,400,0.3,0.5,0.3,8,3.994,0.093,0.0735,0.15,9.4,-45|-45|-45|-45|45|45|45|45,0|540|180|360|450|270|630|90
sf25,Ferrari SF-25 1.6 V6 F1 hybrid,0.11,15000,4000,0.0,0.14,0.0008,0.16,1.0,0.55,0.8,0.6,2.6,1.0,6.0,0.012,9e-05,0.16,140.0,3800.0,118.0,3.2|2.5|2.0|1.65|1.35|1.12|0.95|0.82,3.7,800.0,0.33,1500.0,dct,0.4,0.85,0.027,1,False,0.6,0.0018,0.002,0.08,absorptive,1.0,True,turbo,,1.6,0.0,0.2,0.06,0.5,False,False,True,120.0,3000.0,1.0,12000.0,0.0,auto,-1.0,dohc,4,,port,False,fixed,False,race,CW,,False,False,False,False,False,True,steel,400,0.3,0.5,0.3,6,1.598,0.08,0.053,0.10200000000000001,13.0,-45|-45|-45|45|45|45,0|480|240|360|600|120
singer,Singer DLS Williams 4.0 flat-6,0.16,9000,900,0.0,0.14,0.0008,0.12,1.0,0.55,0.72,0.5,4.3,1.0,7.0,0.012,9e-05,0.16,170.0,280.0,104.0,3.5|2.12|1.58|1.24|1.0|0.82,3.44,1170.0,0.33,520.0,manual,0.46,1.8,0.0195,2,False,0.97,0.0012,0.002,0.08,absorptive,1.0,False,na,,0.0,0.0,0.6,0.12,0.5,False,False,False,0.0,2200.0,0.0,0.0,0.0,auto,-1.0,dohc,4,,port,False,fixed,False,race,CW,,False,False,False,False,True,False,titanium,200,0.3,0.5,0.0,6,3.992,0.107,0.074,0.127,12.5,-90|-90|-90|90|90|90,0|240|480|360|600|120
sl65,Mercedes-Benz SL65 AMG M275 6.0 V12,0.4,6000,600,0.0,0.14,0.0008,0.18,1.0,0.55,0.5,0.78,1.31,1.0,11.0,0.012,9e-05,0.16,220.0,280.0,48.0,3.59|2.19|1.41|1.0|0.83,2.65,2030.0,0.34,950.0,at,0.8,2.6,0.03,2,False,0.5,0.005,0.002,0.08,reflective,1.0,False,turbo,,1.0,0.0,0.5,0.12,0.5,False,False,False,0.0,2200.0,0.0,0.0,0.0,auto,-1.0,dohc,4,,port,False,fixed,False,stock,CW,,False,False,False,False,True,False,steel,400,0.3,0.5,0.0,12,5.98,0.08259999999999999,0.093,0.15,9.0,-30|-30|-30|-30|-30|-30|30|30|30|30|30|30,0|480|240|600|120|360|420|180|660|300|540|60
speed12,TVR Cerbera Speed 12 AJP 7.7 V12,0.28,7500,900,0.0,0.14,0.0008,0.11,1.0,0.55,0.72,0.6,3.8,1.0,5.0,0.012,9e-05,0.16,90.0,280.0,120.0,2.9|2.1|1.6|1.3|1.05|0.85,3.6,1100.0,0.33,750.0,manual,0.5,1.7,0.021,2,False,0.96,0.001,0.002,0.08,absorptive,1.0,False,na,,0.0,0.0,0.6,0.12,0.5,False,False,False,0.0,2200.0,0.0,0.0,0.0,auto,-1.0,dohc,4,,carb,False,fixed,False,race,CW,,False,False,False,False,False,True,titanium,400,0.3,0.5,0.3,12,6.277,0.093,0.077,0.148,11.0,-30|-30|-30|-30|-30|-30|30|30|30|30|30|30,0|480|240|600|120|360|420|180|660|300|540|60
t100,Toyota T100 Baja race 5.0 V8,0.22,8200,1000,0.0,0.14,0.0008,0.11,1.0,0.55,0.74,0.58,3.6,1.0,5.0,0.012,9e-05,0.16,90.0,280.0,120.0,2.8|1.9|1.4|1.1|0.9,4.3,1800.0,0.46,720.0,manual,0.45,1.4,0.022,2,False,0.97,0.0006,0.002,0.08,absorptive,1.0,False,na,,0.0,0.0,0.6,0.12,0.5,False,False,False,0.0,2200.0,0.0,0.0,0.0,auto,-1.0,dohc,4,,carb,False,fixed,False,hot,CW,cross,False,False,False,False,False,True,titanium,400,0.3,0.5,0.3,8,5.027,0.1,0.08,0.15,11.5,-45|-45|-45|-45|45|45|45|45,0|540|180|360|450|270|630|90
titan,Nissan Titan Warrior 5.0 Cummins TT V8 diesel,1.1,4000,650,0.0,0.14,0.0008,0.2,1.0,0.55,0.52,0.7,4.6,1.0,20.0,0.012,9e-05,0.16,600.0,240.0,50.0,3.83|2.36|1.52|1.15|0.86|0.69|0.58,3.69,3200.0,0.43,1800.0,at,0.65,2.6,0.036,2,False,0.62,0.01,0.002,0.08,reflective,1.0,False,turbo,,1.5,0.0,0.7,0.12,0.5,False,False,False,0.0,2200.0,0.0,0.0,0.0,auto,-1.0,ohv,4,,diesel,False,fixed,False,mild,CW,cross,False,False,False,False,False,False,steel,400,0.3,0.65,0.0,8,6.22,0.1,0.099,0.165,16.5,-45|-45|-45|-45|45|45|45|45,0|630|450|180|90|360|540|270
valhalla,Aston Martin Valhalla M178 4.0TT V8 hybrid,0.2,7200,820,0.0,0.14,0.0008,0.16,1.0,0.55,0.5,0.66,3.0,1.0,5.0,0.012,9e-05,0.16,90.0,280.0,96.0,3.0|2.19|1.69|1.37|1.14|0.95|0.79,3.31,1550.0,0.34,720.0,dct,0.5,1.9,0.026,2,True,0.72,0.0018,0.002,0.08,reflective,1.0,False,turbo,,1.3,0.0,0.25,0.12,0.5,False,False,False,150.0,2800.0,0.0,0.0,0.0,auto,-1.0,dohc,4,VVT,direct,False,fixed,False,stock,CW,flat,False,False,False,False,True,False,steel,400,0.3,0.5,0.2,8,3.982,0.083,0.092,0.15,8.6,-45|-45|-45|-45|45|45|45|45,0|540|180|360|450|270|630|90
valk,Aston Martin Valkyrie Cosworth 6.5 V12,0.16,11100,1000,0.0,0.14,0.0008,0.11,1.0,0.55,0.8,0.58,3.7,1.0,5.0,0.012,9e-05,0.16,90.0,280.0,150.0,2.9|2.1|1.65|1.35|1.12|0.95|0.8,3.4,1030.0,0.34,720.0,single,0.42,1.4,0.018,2,False,0.98,0.0006,0.002,0.08,absorptive,1.0,False,na,,0.0,0.0,0.6,0.12,0.5,False,False,False,0.0,2200.0,0.0,0.0,0.0,auto,-1.0,dohc,4,VVT,port,False,fixed,False,race,CW,,False,False,False,False,False,True,titanium,400,0.3,0.5,0.45,12,6.495,0.089,0.08700000000000001,0.15,11.5,-32.5|-32.5|-32.5|-32.5|-32.5|-32.5|32.5|32.5|32.5|32.5|32.5|32.5,0|480|240|600|120|360|420|180|660|300|540|60
veyron,Bugatti Veyron Super Sport 8.0 W16,0.55,6500,800,0.0,0.14,0.0008,0.18,1.0,0.55,0.5,0.78,1.47,1.0,14.0,0.012,9e-05,0.16,240.0,280.0,64.0,2.99|2.05|1.52|1.18|0.94|0.76|0.62,2.81,1888.0,0.34,1300.0,dct,0.6,2.3,0.03,2,False,0.6,0.004,0.002,0.08,reflective,1.0,False,turbo,,1.0,0.0,0.45,0.12,0.5,False,False,False,0.0,2200.0,0.0,0.0,0.0,auto,-1.0,dohc,4,VVT,port,False,fixed,False,stock,CW,,False,True,False,False,True,False,steel,400,0.3,0.5,0.0,16,7.993,0.08600000000000001,0.08600000000000001,0.14,9.0,-52.5|-37.5|-52.5|-37.5|-52.5|-37.5|-52.5|-37.5|37.5|52.5|37.5|52.5|37.5|52.5|37.5|52.5,0|360|180|540|90|450|270|630|45|405|225|585|135|495|315|675
viper,Dodge SRT Viper GTS 8.4 V10,0.4,6200,600,0.0,0.14,0.0008,0.13,1.0,0.55,0.5,0.7,3.4,1.0,5.0,0.012,9e-05,0.16,90.0,280.0,54.0,2.66|1.78|1.3|1.0|0.74|0.5,3.55,1520.0,0.34,900.0,manual,0.62,2.0,0.03,2,False,0.84,0.0022,0.002,0.08,absorptive,1.0,False,na,,0.0,0.0,0.6,0.12,0.5,False,False,False,0.0,2200.0,0.0,0.0,0.0,auto,-1.0,ohv,2,,port,False,fixed,False,stock,CW,,False,False,False,False,True,False,steel,400,0.3,0.5,0.0,10,8.382,0.10300000000000001,0.1006,0.168,10.4,-45|-45|-45|-45|-45|45|45|45|45|45,0|288|432|576|144|72|360|504|648|216
vt15r,Subaru WRX STi VT15R EJ20 (rally),0.16,7500,950,0.0,0.14,0.0008,0.18,1.0,0.55,0.5,0.72,4.2,1.0,5.0,0.012,9e-05,0.16,90.0,280.0,72.0,2.62|1.85|1.4|1.1|0.9,4.44,1230.0,0.32,520.0,manual,0.5,1.7,0.026,2,False,0.8,0.0015,0.002,0.08,absorptive,1.0,True,turbo,,1.1,0.0,0.5,0.16,0.5,True,True,False,0.0,2200.0,0.0,0.0,30.0,auto,-1.0,dohc,4,,port,False,fixed,False,stock,CW,,False,False,False,False,False,True,steel,400,0.3,0.5,0.0,4,1.994,0.092,0.075,0.131,8.0,-90|-90|90|90,0|360|180|540
vulcan,Aston Martin Vulcan 7.0 V12,0.26,7750,900,0.0,0.14,0.0008,0.12,1.0,0.55,0.72,0.62,3.6,1.0,5.0,0.012,9e-05,0.16,90.0,280.0,86.0,2.9|2.05|1.6|1.3|1.08|0.9,3.6,1350.0,0.34,720.0,single,0.55,1.8,0.023,2,False,0.93,0.0012,0.002,0.08,absorptive,1.0,False,na,,0.0,0.0,0.6,0.12,0.5,False,False,False,0.0,2200.0,0.0,0.0,0.0,auto,-1.0,dohc,4,VVT,port,False,fixed,False,stock,CW,,False,False,False,False,False,True,steel,400,0.3,0.5,0.35,12,7.021,0.1,0.0745,0.15,11.0,-30|-30|-30|-30|-30|-30|30|30|30|30|30|30,0|480|240|600|120|360|420|180|660|300|540|60
w154,Mercedes-Benz W154 M163 3.0 SC V12,0.26,8000,900,0.0,0.14,0.0008,0.12,1.0,0.55,0.5,0.6,3.6,1.0,5.0,0.012,9e-05,0.16,90.0,280.0,120.0,2.6|1.8|1.4|1.0|0.8,2.5,980.0,0.34,600.0,manual,0.4,1.3,0.02,2,False,0.96,0.0006,0.002,0.08,absorptive,1.0,False,centrifugal,,0.7,9.0,0.6,0.12,0.5,False,False,False,0.0,2200.0,0.0,0.0,0.0,auto,-1.0,dohc,4,,carb,False,fixed,False,stock,CW,,False,False,False,False,False,True,steel,400,0.3,0.5,0.3,12,2.962,0.067,0.07,0.13,6.5,-30|-30|-30|-30|-30|-30|30|30|30|30|30|30,0|480|240|600|120|360|420|180|660|300|540|60
wildcat,Grumman F4F Wildcat P&W R-1830 14-cyl radial,3.5,2700,500,0.0,0.14,0.0008,0.16,1.0,0.55,0.65,0.72,3.5,1.0,24.0,0.012,9e-05,0.16,600.0,130.0,50.0,1.0,0.4,3600.0,0.55,2500.0,aircraft,0.3,0.5,0.038,1,False,0.95,0.0008,0.002,0.08,absorptive,1.0,False,centrifugal,,0.45,7.5,0.6,0.12,0.5,False,False,False,0.0,2200.0,0.0,0.0,0.0,auto,-1.0,ohv,2,,port,False,fixed,False,mild,CW,,False,False,True,False,False,False,steel,400,0.3,0.55,0.3,14,30.172,0.14,0.14,0.31,6.7,0|25.7143|51.4286|77.1429|102.857|128.571|154.286|180|205.714|231.429|257.143|282.857|308.571|334.286,0|565.714|411.429|257.143|102.857|668.571|514.286|360|205.714|51.4286|617.143|462.857|308.571|154.286
xj220,Jaguar XJ220 JRV-6 3.5TT V6,0.2,7200,850,0.0,0.14,0.0008,0.17,1.0,0.55,0.5,0.62,3.4,1.0,5.0,0.012,9e-05,0.16,90.0,280.0,98.0,2.3|1.61|1.21|0.94|0.76,3.31,1470.0,0.34,620.0,manual,0.5,1.9,0.026,2,False,0.82,0.0015,0.002,0.08,absorptive,1.0,False,turbo,,1.2,0.0,0.5,0.18,0.5,False,True,False,0.0,2200.0,0.0,0.0,0.0,auto,-1.0,dohc,4,,port,False,fixed,False,stock,CW,,False,False,False,False,True,False,steel,400,0.3,0.5,0.0,6,3.498,0.094,0.084,0.152,8.3,-30|-30|-30|30|30|30,0|480|240|360|600|120
z28,Chevrolet Camaro Z/28 302 V8 (1968),0.38,7000,800,0.0,0.14,0.0008,0.24,1.0,0.55,0.62,0.5,3.2,1.0,6.0,0.012,9e-05,0.16,170.0,280.0,58.0,2.52|1.88|1.46|1.0,3.73,1500.0,0.33,620.0,manual,0.7,2.0,0.03,2,False,0.78,0.0026,0.002,0.08,reflective,1.0,False,na,,0.0,0.0,0.6,0.12,0.5,False,False,False,0.0,2200.0,0.0,0.0,0.0,auto,-1.0,ohv,2,,carb,False,fixed,False,stock,CW,cross,False,False,False,False,False,False,steel,400,0.3,0.5,0.0,8,4.942,0.1016,0.0762,0.145,11.0,-45|-45|-45|-45|45|45|45|45,0|630|270|180|450|360|540|90
zonda,Pagani Zonda Cinque M297 7.3 V12,0.34,6700,720,0.0,0.23,0.0008,0.16,1.0,0.55,0.6,0.58,4.1,1.0,11.0,0.012,9e-05,0.16,220.0,280.0,50.0,3.0|2.04|1.52|1.18|0.95|0.79,3.36,1250.0,0.34,820.0,manual,0.8,2.6,0.031,2,False,0.78,0.0048,0.002,0.08,reflective,1.0,False,na,,0.0,0.0,0.6,0.12,0.5,False,False,False,0.0,2200.0,0.0,0.0,0.0,auto,-1.0,sohc,4,,mech,False,fixed,False,stock,CW,,False,False,False,False,True,False,titanium,200,0.3,0.5,0.0,12,7.291,0.0915,0.09240000000000001,0.152,10.5,-30|-30|-30|-30|-30|-30|30|30|30|30|30|30,0|480|240|600|120|360|420|180|660|300|540|60
zondar,Pagani Zonda R Mercedes M120 6.0 V12,0.24,8000,950,0.0,0.14,0.0008,0.11,1.0,0.55,0.72,0.6,3.7,1.0,5.0,0.012,9e-05,0.16,90.0,280.0,104.0,2.92|2.04|1.58|1.28|1.06|0.88,3.7,1070.0,0.34,720.0,single,0.5,1.5,0.022,2,False,0.96,0.0008,0.002,0.08,absorptive,1.0,False,na,,0.0,0.0,0.6,0.12,0.5,False,False,False,0.0,2200.0,0.0,0.0,0.0,auto,-1.0,dohc,4,,mech,False,fixed,False,race,CW,,False,False,False,False,False,True,titanium,400,0.3,0.5,0.35,12,5.987,0.089,0.08020000000000001,0.147,11.0,-30|-30|-30|-30|-30|-30|30|30|30|30|30|30,0|480|240|600|120|360|420|180|660|300|540|60
